"Name","Country","Sex"
"A'Gota Toth","HUN","Women"
"Abdumalik Askar","KAZ","Men"
"Abigail Mccluskey","CAN","Women"
"Abigail Sorenson","USA","Women"
"Abigél Mercs","HUN","Women"
"Abril Del Rio","ESP","Women"
"Abylaikhan Kaiyrgazy","KAZ","Men"
"Adam Axelsson","SWE","Men"
"Adam Buchwald","CAN","Men"
"Adrian Gerber Della Pietra","AUT","Men"
"Adrian Kaiser","GER","Men"
"Adrian Nalepka","POL","Men"
"Adrian Octavian Fierar","ROU","Men"
"Adrian Vajansky","SVK","Men"
"Adrian Wielgat","POL","Men"
"Adéla Krejčová","CZE","Women"
"Adéla Petrusová","CZE","Women"
"Aerchenghazi Xiakaini","CHN","Men"
"Afonso Henrique Pestana Silva","POR","Men"
"Ahenaer Adake","CHN","Women"
"Aidan Lewis","USA","Men"
"Aiden Meacham","USA","Men"
"Ainoa Carreño","ESP","Women"
"Aitor Sánchez Fernández","ESP","Men"
"Aizada Rymbek","KAZ","Women"
"Akane Iida","JPN","Women"
"Akari Hori","JPN","Women"
"Aldiyar Tyulyugenov","KAZ","Men"
"Alec Janssens","CAN","Men"
"Alec Sklutovsky","USA","Men"
"Aleksander Puszkarski","POL","Men"
"Aleksander Waagenes","NOR","Men"
"Aleksandr Dagaev","RUS","Men"
"Aleksandr Klenko","KAZ","Men"
"Aleksandr Podolskii","RUS","Men"
"Aleksandr Podolskii","RSU","Men"
"Aleksandr Zhigin","KAZ","Men"
"Aleksandra Goss","POL","Women"
"Aleksandra Kachurkina","RUS","Women"
"Aleksandra Kapruziak","POL","Women"
"Aleksandra Królikowska","POL","Women"
"Aleksandra Rutkovskaia","RUS","Women"
"Aleksey Suvorov","RUS","Men"
"Alemasi Kahanbai","CHN","Men"
"Alena Lifatova","KAZ","Women"
"Alessandro Loreggia","ITA","Men"
"Alessia Costea","ROU","Women"
"Alessio Trentini","ITA","Men"
"Alex Boisvert-Lacroix","CAN","Men"
"Alex Ochowicz","USA","Men"
"Alex Wood","CAN","Men"
"Alexa Scott","CAN","Women"
"Alexander Farthofer","AUT","Men"
"Alexander Rezzonico","ESP","Men"
"Alexander Rumyantsev","RUS","Men"
"Alexander Rumyantsev","RSU","Men"
"Alexander Rumyantsev","ROC","Men"
"Alexander Sergeev","RUS","Men"
"Alexandr Chizhikov","KAZ","Men"
"Alexandra Ianculescu","ROU","Women"
"Alexandra Kravchenko","RUS","Women"
"Alexandra Nagy","HUN","Women"
"Alexandra Sauer","GER","Women"
"Alexandra Sayutina","RUS","Women"
"Alexandra Sayutina","AIN","Women"
"Alexandra Snowdon","GBR","Women"
"Alexandre St-Jean","CAN","Men"
"Alexandru Mereuta","ROU","Men"
"Alexej Baumgärtner","GER","Men"
"Alexey Yesin","RUS","Men"
"Alexis Contin","FRA","Men"
"Aliaksei Kirpichnik","BLR","Men"
"Alice Lundberg","SWE","Women"
"Alice Marletti","ITA","Women"
"Alina Dauranova","KAZ","Women"
"Alina Shumekova","KAZ","Women"
"Alisa Bekker","RUS","Women"
"Alison Desmarais","CAN","Women"
"Allan Dahl Johansson","NOR","Men"
"Allison Bates","GBR","Women"
"Altaj Zjardembekuly","KAZ","Men"
"Altay Zhardembekuly","KAZ","Men"
"Alvar Muhonen","FIN","Men"
"Amalie Haugland","NOR","Women"
"Amarzaya Bayarmagnai","MGL","Men"
"An Liu","CHN","Men"
"Anastasia Bucsis","CAN","Women"
"Anastasia Korkina","RUS","Women"
"Anastasiia Grigoreva","RUS","Women"
"Anastasiia Grigoreva","RSU","Women"
"Anastasiia Semenova","RUS","Women"
"Anastasiia Zueva","RUS","Women"
"Anastasija Belovodova","KAZ","Women"
"Anastasya Prakapovich","BLR","Women"
"Ance Kucina","LAT","Women"
"Anders Johnson","CAN","Men"
"Andrea Giovannini","ITA","Men"
"Andrea Gnandt","ROU","Women"
"Andreea Haldan","ROU","Women"
"Andreea Nastasache","ROU","Women"
"Andrei Astefanoaie","ROU","Men"
"Andrei Nicolae","ROU","Men"
"Andrei Shabanov","RUS","Men"
"Andres Campo","COL","Men"
"Andrey Semenov","KAZ","Men"
"Andrey Zuyev","KAZ","Men"
"Andżelika Wójcik","POL","Women"
"Ane By Farstad","NOR","Women"
"Angel Daleman","NED","Women"
"Angelika Fudalej","POL","Women"
"Angelina Golikova","RUS","Women"
"Angelina Golikova","RSU","Women"
"Angelina Golikova","ROC","Women"
"Anice Das","NED","Women"
"Anna Berczelly","AUT","Women"
"Anna Boersma","NED","Women"
"Anna Elisa Baghiu","ROU","Women"
"Anna Kovaleva","BLR","Women"
"Anna Kubo","JPN","Women"
"Anna Molnar","AUT","Women"
"Anna Opytova","RUS","Women"
"Anna Ostlender","GER","Women"
"Anna Petutschnigg","AUT","Women"
"Anna Quinn","USA","Women"
"Anna Shpakova","KAZ","Women"
"Anna Vashkene","RUS","Women"
"Anna Yurakova","RUS","Women"
"Anne Gulbrandsen","NOR","Women"
"Anne Sofie Knutsen Birkedal","NOR","Women"
"Anni Käsnänen","FIN","Women"
"Annouk van der Weijden","NED","Women"
"Antero Eskola","FIN","Men"
"Antoine Gélinas-Beaulieu","CAN","Men"
"Antoinette Rijpma-De Jong","NED","Women"
"Anton Brankovskiy","BLR","Men"
"Anton Iliyshenka","BLR","Men"
"Antoni Pluta","POL","Men"
"António Morgado Piteira","POR","Men"
"Anvar Mukhamadeyev","KAZ","Men"
"Aoi Yokoyama","JPN","Men"
"Aoyu Chen","CHN","Women"
"Arianna Fontana","ITA","Women"
"Arianna Pruisscher","NED","Women"
"Arina Gavrilova","KAZ","Women"
"Arina Ilyachsehenko","KAZ","Women"
"Arisa Go","JPN","Women"
"Arisa Tsujimoto","JPN","Women"
"Arjan Stroetinga","NED","Men"
"Arjen Boersma","NED","Men"
"Armin Hager","AUT","Men"
"Arne Lernes","NOR","Men"
"Aron Aannø","NOR","Men"
"Aron Romeijn","NED","Men"
"Artem Arefyev","RUS","Men"
"Artem Arefyev","RSU","Men"
"Artem Arefyev","ROC","Men"
"Artem Zolotarev","RUS","Men"
"Artiom Chaban","BLR","Men"
"Artur Galiyev","KAZ","Men"
"Artur Janicki","POL","Men"
"Artur Nogal","POL","Men"
"Artur Sergiyenko","KAZ","Men"
"Artur Was","POL","Men"
"Artyom Krikunov","KAZ","Men"
"Artyom Kuznetsov","RUS","Men"
"Arvid Göpelt","GER","Men"
"Arvid Karlingsjö","SWE","Men"
"Arwen Szygenda","NOR","Women"
"Ashley Völker","GER","Women"
"Audun Semb","NOR","Men"
"Auggie Herman","USA","Men"
"Aurelia Mulsow","GER","Women"
"Aurora Aiello","ITA","Women"
"Aurora Grinden Løvås","NOR","Women"
"Austin Kleba","USA","Men"
"Austria","AUT","Women"
"AustriaA. Farthofer, I. Gschwentner, G. Odor","AUT","Men"
"AustriaA. Molnar, A. Petutschnigg, V. Schinnerl","AUT","Women"
"AustriaG. Odor, L. Heidegger, F. Root","AUT","Men"
"AustriaL. Seppele, K. Mezgolits, A. Petutschnigg","AUT","Women"
"AustriaS. Rosner, J. Rosner, K. Mezgolits","AUT","Women"
"AustriaS. Rosner, K. Mezgolits, J. Rosner","AUT","Women"
"AustriaS. Rosner, L. Seppele, K. Mezgolits","AUT","Women"
"Aveline Hijlkema","NED","Women"
"Avikshit Vijay Viswanath","IND","Men"
"Ayaka Kikuchi","JPN","Women"
"Ayano Sato","JPN","Women"
"Ayano Sekiguchi","JPN","Women"
"Ayuri Fukuoka","JPN","Women"
"Azamat Satkozja","KAZ","Men"
"Azusa Maeda","JPN","Women"
"Bagdaulet Sagatov","KAZ","Men"
"Bailin Li","CHN","Men"
"Balázs Kun","HUN","Men"
"Baoshuo Pan","CHN","Men"
"Barbora Sáblíková","CZE","Women"
"Bart Hoolwerf","NED","Men"
"Bart Swings","BEL","Men"
"Beata Orosz","HUN","Women"
"Beau Snellink","NED","Men"
"Bejamin Macé","FRA","Men"
"Belarus","BLR","Women"
"Belarus","BLR","Men"
"BelarusA. Chaban, I. Golovatsiuk, A. Kirpichnik","BLR","Men"
"BelarusA. Chaban, I. Golovatsiuk, V. Rudenko","BLR","Men"
"BelarusA. Chaban, I. Golovatsiuk, Y. Damaratski","BLR","Men"
"BelarusA. Chaban, I. Golovatsiuk, Y. Hahiyeu","BLR","Men"
"BelarusA. Kovaleva, H. Nifantava, M. Krotava","BLR","Women"
"BelarusA. Kovaleva, H. Nifantava, P. Polukarova","BLR","Women"
"BelarusE. Bolgov, R. Makhakhei, U. Zapoikin","BLR","Men"
"BelarusH. Nifantava, M. Krotava, Y. Varabyova","BLR","Women"
"BelarusK. Burmistrava, A. Prakapovich, K. Shypulia","BLR","Women"
"BelarusM. Zueva, Y. Varabyova, H. Nifantava","BLR","Women"
"BelarusR. Makhakhei, V. Rudenko, U. Zapoikin","BLR","Men"
"BelarusT. Mikhailava, Y. Varabyova, H. Nifantava","BLR","Women"
"BelarusT. Mikhailova, K. Sadovskaya, M. Zueva","BLR","Women"
"BelarusU. Zapoikin, A. Chaban, A. Iliyshenka","BLR","Men"
"BelarusU. Zapoikin, S. Neumiarzhytski, V. Rudenko","BLR","Men"
"BelarusV. Mikhailov, A. Chaban, E. Bolgov","BLR","Men"
"BelarusV. Mikhailov, A. Chaban, M. Kandratsyeu","BLR","Men"
"BelarusV. Mikhailov, I. Golovatsiuk, A. Kirpichnik","BLR","Men"
"BelarusV. Rudenko, U. Zhyburtovich, Y. Hahiyeu","BLR","Men"
"Ben-Luca Kleinke","GER","Men"
"Bence Dékány","HUN","Men"
"Bendik Becker Pedersen","NOR","Men"
"Benjamin Donnelly","CAN","Men"
"Bente Billen","BEL","Women"
"Bente Kerkhoff","NED","Women"
"Bente Kraus","GER","Women"
"Bernardo Costa","POR","Men"
"Beyonce Andersson","SWE","Women"
"Bianca-Lorena Stănică","ROU","Women"
"Biborka Végh","HUN","Women"
"Bin Liu","CHN","Men"
"Bin Zhou","CHN","Men"
"Binyu Yang","CHN","Women"
"Bjørn Magnussen","NOR","Men"
"Blair Cruikshank","USA","Women"
"Bo van der Werff","NED","Women"
"Bo-Ra Lee","KOR","Women"
"Bob de Jong","NED","Men"
"Bob de Vries","NED","Men"
"Bogdan Brauer","GER","Men"
"Boreum Kim","KOR","Women"
"Botond Bejczi","HUN","Men"
"Bowen Xuan","CHN","Men"
"Bram Cohen","NED","Men"
"Bram Smallenbroek","AUT","Men"
"Brett Perry","USA","Men"
"Brian Hansen","USA","Men"
"Briana Kramer","USA","Women"
"Brianna Bocox","USA","Women"
"Brianne Tutt","CAN","Women"
"Britt Breider","NED","Women"
"Brittany Bowe","USA","Women"
"Brooklyn McDougall","CAN","Women"
"Bruno Perwein","AUT","Men"
"Byeong-Hun Lee","KOR","Men"
"Byeonghun Lee","KOR","Men"
"Byung-Wook Ko","KOR","Men"
"Bálint Bödei","HUN","Men"
"Béatrice Lamarche","CAN","Women"
"Caleb Wakefield","USA","Men"
"Camilla Lund","NOR","Women"
"Camilla Zazzarini","ITA","Women"
"Camille Tremblay","CAN","Women"
"Canada","CAN","Women"
"Canada","CAN","Men"
"CanadaA. Boisvert-Lacroix, D. La Rue, T. Langelaar","CAN","Men"
"CanadaA. Boisvert-Lacroix, L. Dubreuil, D. La Rue","CAN","Men"
"CanadaA. Boisvert-Lacroix, L. Dubreuil, V. De Haître","CAN","Men"
"CanadaA. Johnson, L. Dubreuil, Y. Zhao","CAN","Men"
"CanadaA. Scott, E. Cote, H. Won Son","CAN","Women"
"CanadaB. Lamarche, B. McDougall, A. Scott","CAN","Women"
"CanadaB. McDougall, C. Hiller, I. Blondin","CAN","Women"
"CanadaC. Brunet, J. Deibert, F. Roth","CAN","Men"
"CanadaC. Fiola, A. Johnson, Y. Zhao","CAN","Men"
"CanadaC. Fiola, L. Dubreuil, A. Gélinas-Beaulieu","CAN","Men"
"CanadaC. Fiola, L. Dubreuil, C. Howe","CAN","Men"
"CanadaC. Fiola, L. Dubreuil, D. La Rue","CAN","Men"
"CanadaC. Hiller, B. Lamarche, I. Blondin","CAN","Women"
"CanadaC. Hiller, B. McDougall, I. Blondin","CAN","Women"
"CanadaC. Hiller, L. Kent, K. Christ","CAN","Women"
"CanadaC. Hiller, M. Pearman, I. Blondin","CAN","Women"
"CanadaC. Howe, D. La Rue, T. Langelaar","CAN","Men"
"CanadaC. Tremblay, S. Van Horne, J. Snelgrove","CAN","Women"
"CanadaC. Tremblay, S. Van Horne, S. Bieber","CAN","Women"
"CanadaD. La Rue, L. Dubreuil, V. De Haître","CAN","Men"
"CanadaG. Junio, A. Boisvert-Lacroix, L. Dubreuil","CAN","Men"
"CanadaG. Junio, A. Boisvert-Lacroix, V. De Haître","CAN","Men"
"CanadaG. Junio, L. Dubreuil, A. Gélinas-Beaulieu","CAN","Men"
"CanadaG. Junio, L. Dubreuil, D. La Rue","CAN","Men"
"CanadaG. Junio, L. Dubreuil, V. De Haître","CAN","Men"
"CanadaG. Junio, V. De Haître, A. St-Jean","CAN","Men"
"CanadaI. Champagne, S. Van Horne, J. Snelgrove","CAN","Women"
"CanadaK. Irvine, I. Blondin, H. Carruthers","CAN","Women"
"CanadaL. Dubreuil, A. Johnson, C. Howe","CAN","Men"
"CanadaL. Dubreuil, C. Fiola, A. Gélinas-Beaulieu","CAN","Men"
"CanadaL. Dubreuil, V. De Haître, A. St-Jean","CAN","Men"
"CanadaL. Veeman, J. Doan, M. Poulin","CAN","Men"
"CanadaM. Hudey, H. Carruthers, N. Fiset","CAN","Women"
"CanadaM. Hudey, K. Irvine, H. Carruthers","CAN","Women"
"CanadaM. Hudey, K. Irvine, K. Christ","CAN","Women"
"CanadaM. Mitchell, A. Wood, J. Doan","CAN","Men"
"CanadaR. Laliberte-Roy, A. Desmarais, A. Mccluskey","CAN","Women"
"CanadaS. Bieber, C. Jelonek, M. Lueders","CAN","Women"
"CanadaT. Bloemen, L. Dubreuil, V. De Haître","CAN","Men"
"CanadaW. Dutton, G. Junio, V. De Haître","CAN","Men"
"CanadaW. Dutton, L. Dubreuil, V. De Haître","CAN","Men"
"CanadaW. Dutton, V. De Haître, A. St-Jean","CAN","Men"
"Carien Kleibeuker","NED","Women"
"Carina Jagtøyen","NOR","Women"
"Carl Platt","USA","Men"
"Carla Alvarez","ESP","Women"
"Carlijn Achtereekte","NED","Women"
"Carlijn Schoutens","USA","Women"
"Carmen Thurner","ITA","Women"
"Carolina Hiller","CAN","Women"
"Carolina Hiller-Donnelly","CAN","Women"
"Casey Dawson","USA","Men"
"Cedrick Brunet","CAN","Men"
"Chae Lin Um","KOR","Women"
"Chae-Eun Lee","KOR","Women"
"Chae-Eun Park","KOR","Women"
"Chae-Won Park","KOR","Women"
"Chaerin Kim","KOR","Women"
"Chandra Mouli Danda","IND","Men"
"Chaoyu Wang","CHN","Men"
"Chase Morpeth","NZL","Men"
"Chen Wang","CHN","Men"
"Chenglong Xu","CHN","Men"
"Chenxi Gao","CHN","Women"
"Chenyu Li","CHN","Women"
"Cheolmin Kim","KOR","Men"
"Cheonho Um","KOR","Men"
"Chiara Cristelli","ITA","Women"
"China","CHN","Women"
"China","CHN","Men"
"ChinaA. Adake, C. Li, D. Xi","CHN","Women"
"ChinaB. Li, T. Gao, T. Yang","CHN","Men"
"ChinaB. Li, Z. Mu, J. Xie","CHN","Men"
"ChinaB. Liu, H. Du, Z. Ning","CHN","Men"
"ChinaB. Liu, Z. Lian, Z. Deng","CHN","Men"
"ChinaB. Liu, Z. Lian, Z. Ning","CHN","Men"
"ChinaC. Pei, J. Jin, Q. Li","CHN","Women"
"ChinaC. Pei, R. Tian, M. Han","CHN","Women"
"ChinaC. Pei, T. Hai, R. Tian","CHN","Women"
"ChinaH. Du, S. Wang, X. Quan","CHN","Men"
"ChinaH. Li, N. Sun, S. Yang","CHN","Women"
"ChinaJ. Xie, T. Gao, T. Yang","CHN","Men"
"ChinaJ. Yu, H. Zhang, Q. Li","CHN","Women"
"ChinaJ. Yu, X. Zhao, X. Shi","CHN","Women"
"ChinaK. Hou, H. Wang, F. Xu","CHN","Men"
"ChinaL. Zhang, C. Pei, B. Yang","CHN","Women"
"ChinaL. Zhang, J. Jin, Q. Li","CHN","Women"
"ChinaM. Han, R. Tian, J. Jin","CHN","Women"
"ChinaQ. Feng, T. Hai, X. Jiang","CHN","Women"
"ChinaQ. Li, R. Tian, J. Jin","CHN","Women"
"ChinaQ. Li, X. Zhao, J. Jin","CHN","Women"
"ChinaQ. Li, X. Zhao, R. Tian","CHN","Women"
"ChinaQ. Li, X. Zhao, X. Shi","CHN","Women"
"ChinaR. Tian, S. Yu, J. Wang","CHN","Women"
"ChinaS. Wang, T. Yang, C. Wang","CHN","Men"
"ChinaS. Wang, Y. Wu, Z. Ning","CHN","Men"
"ChinaS. Wang, Z. Ning, Z. Lian","CHN","Men"
"ChinaT. Gao, S. Wang, Z. Ning","CHN","Men"
"ChinaT. Gao, T. Yang, Y. Yang","CHN","Men"
"ChinaT. Mao, C. Wang, D. Yang","CHN","Men"
"ChinaT. Yang, Z. Lian, S. Wang","CHN","Men"
"ChinaT. Yang, Z. Lian, Z. Ning","CHN","Men"
"ChinaT. Yang, Z. Ning, Y. Yang","CHN","Men"
"ChinaW. Gan, H. Li, S. Yang","CHN","Women"
"ChinaX. Zhao, R. Tian, C. Pei","CHN","Women"
"ChinaX. Zhao, R. Tian, J. Jin","CHN","Women"
"ChinaY. Jin, A. Liu, T. Yang","CHN","Men"
"ChinaY. Jin, J. Zhang, B. Zhou","CHN","Men"
"ChinaY. Wang, C. Pei, S. Yu","CHN","Women"
"ChinaZ. Mu, F. Yang, J. Xie","CHN","Men"
"ChinaZ. Mu, J. Xie, F. Yang","CHN","Men"
"ChinaZ. Xue, Z. Lian, Z. Ning","CHN","Men"
"Ching-Yang Sung","TPE","Men"
"Chloé Hoogendoorn","NED","Women"
"Cho-Weon Park","KOR","Women"
"Chong Pei","CHN","Women"
"Chris De Velde","NED","Men"
"Chris Huizinga","NED","Men"
"Christian Oberbichler","SUI","Men"
"Christoffer Fagerli Rukke","NOR","Men"
"Christopher Fiola","CAN","Men"
"Chrysta Rands-Evans","USA","Women"
"Chuanyi Sun","CHN","Men"
"Clara Correia Cruz Pereira","POR","Women"
"Claudia Pechstein","GER","Women"
"Cleopatra Munteanu","ROU","Women"
"Cloé Jelonek","CAN","Women"
"Colin Duivenvoorden","NED","Men"
"Connor Howe","CAN","Men"
"Connor Waters","CAN","Men"
"Conor McDermott-Mostowy","USA","Men"
"Cooper Emin","CAN","Men"
"Cooper Mcleod","USA","Men"
"Corinne Stoddard","USA","Women"
"Cornelius Kersten","GBR","Men"
"Cosmin Nedelea","ROU","Men"
"Cristian Landrø Magnussen","NOR","Men"
"Cristopher Lopez","ESP","Men"
"Csanád Pap","HUN","Men"
"Czech Republic","CZE","Women"
"Czech RepublicA. Petrusová, K. Kainová, L. Korvasová","CZE","Women"
"Czech RepublicN. Nepokojová, L. Korvasová, Z. Kuršová","CZE","Women"
"Czech RepublicP. Stodola, S. Brieštansky, J. Kočí","CZE","Men"
"Czech RepublicS. Šimková, E. Drimalova, N. Kerschbaummayr","CZE","Women"
"Czech RepublicV. Antošová, L. Korvasová, N. Nepokojová","CZE","Women"
"Czech RepublicZ. Vašulka, S. Brieštansky, V. Hurdes","CZE","Men"
"Czechia (N)N. Nepokojová, K. Macháckova, J. Forstová","CZE","Women"
"Czechia (N)T. Bohumský, P. Stodola, M. Jílek","CZE","Men"
"CzechiaK. Kainová, L. Korvasová, Z. Kuršová","CZE","Women"
"Daan Baks","NED","Men"
"Daan Van Der Elst","BEL","Men"
"Dai Dai Ntab","NED","Men"
"Daichi Yamanaka","JPN","Men"
"Damian Żurek","POL","Men"
"Dan Bai","CHN","Women"
"Dan Guo","CHN","Women"
"Dan Li","CHN","Women"
"Dan-Bi Lee","KOR","Women"
"Daniel Greig","AUS","Men"
"Daniel Hall","CAN","Men"
"Daniel Milagros","ESP","Men"
"Daniel Niero","ITA","Men"
"Daniel Zapata","COL","Men"
"Daniele Di Stefano","ITA","Men"
"Daniele Zampedri","ITA","Men"
"Daniil Aldoshkin","RUS","Men"
"Daniil Aldoshkin","RSU","Men"
"Daniil Aldoshkin","ROC","Men"
"Daniil Beliaev","RUS","Men"
"Daniil Beliaev","RSU","Men"
"Daniil Naidenyshev","RUS","Men"
"Daniil Naidenyshev","AIN","Men"
"Danil Sinitsyn","RUS","Men"
"Danila Semerikov","RUS","Men"
"Danila Semerikov","RSU","Men"
"Danila Semerikov","UZB","Men"
"Danyil Nedbai","UKR","Men"
"Darby Beeson","CAN","Women"
"Daria Hurzhii","UKR","Women"
"Daria Kachanova","RUS","Women"
"Daria Kachanova","RSU","Women"
"Daria Kachanova","ROC","Women"
"Daria Pavlova","RUS","Women"
"Darja Vazhenina","KAZ","Women"
"Darren Ta-Yuan Huang","TPE","Men"
"Darsil Essamambo","KAZ","Men"
"Darya Shmeleva","RUS","Women"
"David Andersson","SWE","Men"
"David Bosa","ITA","Men"
"David Karlingsjö","SWE","Men"
"David La Rue","CAN","Men"
"David Martin Davidsen","NOR","Men"
"David Provod","USA","Men"
"Davide Ghiotto","ITA","Men"
"Dawid Balczerczyk","POL","Men"
"Dawid Burzykowski","POL","Men"
"Deborah Grisenti","ITA","Women"
"Demyan Gavrilov","KAZ","Men"
"Denis Dressel","GER","Men"
"Denis Koval","RUS","Men"
"Denis Kuzin","KAZ","Men"
"Denis Mezentsev","KAZ","Men"
"Denis Yuskov","RUS","Men"
"Denise Roth","GER","Women"
"Dennis Lederer","GER","Men"
"Denny Ihle","GER","Men"
"Denny Morrison","CAN","Men"
"Dessie Weigel","USA","Women"
"Diana Natalia Szasz","ROU","Women"
"Diane Valkenburg","NED","Women"
"Dianpeng Jiang","CHN","Men"
"Didrik Eng Strand","NOR","Men"
"Diego Amaya","COL","Men"
"Dina Storelid","NOR","Women"
"Dione Voskamp","NED","Women"
"Dmitriy Bichurkin","KAZ","Men"
"Dmitriy Ossipenko","KAZ","Men"
"Dmitry Babenko","KAZ","Men"
"Dmitry Morozov","KAZ","Men"
"Dmitry Viskovsky","BLR","Men"
"Do Hyung Lee","KOR","Men"
"Do-Young Park","KOR","Women"
"Dominik Mayrhofer","GER","Men"
"Dong Hee Kim","KOR","Women"
"Dong Woo Kim","KOR","Men"
"Dongsheng Yang","CHN","Men"
"Dongxue Xi","CHN","Women"
"Douwe de Vries","NED","Men"
"Dylan Woodbury","USA","Men"
"Dániel Gyurmánczi","HUN","Men"
"Ede Kortlever","NED","Men"
"Edoardo Abis","ITA","Men"
"Edwin Park","USA","Men"
"Eeka Rintala","FIN","Men"
"Eetu Käsnänen","FIN","Men"
"Egor Shkolin","RUS","Men"
"Eikichi Sakamoto","JPN","Men"
"Eirik Andersen","NOR","Men"
"Ekaterina Kosheleva","RUS","Women"
"Ekaterina Sloeva","BLR","Women"
"Elena Eranina","RUS","Women"
"Elena Eranina","RSU","Women"
"Elena Møller Rigas","DEN","Women"
"Elena Sokhryakova","RUS","Women"
"Elena Sokhryakova","ROC","Women"
"Elias Brubak","NOR","Men"
"Elias Feichter","AUT","Men"
"Elina Risku","FIN","Women"
"Elisa Dul","NED","Women"
"Elise Stave","USA","Women"
"Eliska Drimalova","CZE","Women"
"Elizaveta Agafoshina","RUS","Women"
"Elizaveta Golubeva","RUS","Women"
"Elizaveta Golubeva","RSU","Women"
"Elizaveta Golubeva","ROC","Women"
"Elizaveta Golubeva","KAZ","Women"
"Ellen Bjertnes","NOR","Women"
"Ellia Smeding","GBR","Women"
"Emery Lehman","USA","Men"
"Emika Miyagawa","JPN","Women"
"Emil Ervik","FIN","Men"
"Emil Jeppsson","SWE","Men"
"Emil Pedersen Matre","NOR","Men"
"Emile Schnabel","GER","Men"
"Emilia Zawisza","POL","Women"
"Emilie Greenfield","GBR","Women"
"Emily Tormen","ITA","Women"
"Emma De Bock","USA","Women"
"Emmanuelle Cote","CAN","Women"
"Enrico Gerber Della Pietra","AUT","Men"
"Enrico Salino","ITA","Men"
"Enxue Chen","CHN","Men"
"Erik Decker","SWE","Men"
"Erik Resell","NOR","Men"
"Erik-Jan Kooiman","NED","Men"
"Erika Lindgren","SWE","Women"
"Erin Bartlett","USA","Women"
"Erin Jackson","USA","Women"
"Erina Kamiya","JPN","Women"
"Eryk Marciniak","POL","Men"
"Esmee Visser","NED","Women"
"Esmé Stollenga","NED","Women"
"Espen Aarnes Hvammen","NOR","Men"
"Espen Tveit","NOR","Men"
"Esther Kiel","NED","Women"
"Ethan Cepuran","USA","Men"
"Eun Gyul Hong","KOR","Women"
"Eun-Seo Kim","KOR","Women"
"Eun-Song Im","KOR","Women"
"Eunwoo Ko","KOR","Men"
"Eva Lagrange","SWE","Women"
"Evelien Vijn","NED","Women"
"Evert Hoolwerf","NED","Men"
"Evgeniia Lalenkova","RUS","Women"
"Evgeniia Lalenkova","RSU","Women"
"Evgeniia Lalenkova","ROC","Women"
"Evgeniy Bolgov","BLR","Men"
"Evi De Ruijter","NED","Women"
"Evie Forrer","USA","Women"
"Fabian Dieterle","HUN","Men"
"Fabio Francolini","ITA","Men"
"Fan Yang","CHN","Men"
"Fangyi Liu","CHN","Men"
"Fanni Palakovics","HUN","Women"
"Federica Maffei","ITA","Women"
"Fedor Mezentsev","KAZ","Men"
"Felicia Nilsson","SWE","Women"
"Felix Maly","GER","Men"
"Felix Motschmann","GER","Men"
"Felix Rijhnen","GER","Men"
"Femke Beuling","NED","Women"
"Femke Kok","NED","Women"
"Fengdi Zhang","CHN","Men"
"Filip Jílek","CZE","Men"
"Filip Møller Nordal","NOR","Men"
"Finland","FIN","Women"
"FinlandA. Käsnänen, P. Kilpeläinen, S. Siro","FIN","Women"
"FinlandE. Ervik, J. Suomalainen, J. Lehtonen","FIN","Men"
"FinlandL. Kivioja, S. Siro, I. Koivisto","FIN","Women"
"FinlandM. Kokko, J. Lehtonen, S. Suomalainen","FIN","Men"
"FinlandM. Kokko, K. Kinnala, J. Lehtonen","FIN","Men"
"FinlandM. Poutala, T. Pulli, H. Levo","FIN","Men"
"FinlandM. Puolakka, S. Suomalainen, A. Eskola","FIN","Men"
"FinlandP. Koskela, M. Poutala, H. Levo","FIN","Men"
"FinlandP. Koskela, M. Poutala, T. Pulli","FIN","Men"
"FinlandT. Suomalainen, J. Lehtonen, S. Suomalainen","FIN","Men"
"Finn Elias Haneberg","NOR","Men"
"Finn Sonnekalb","GER","Men"
"Finn Turcksin","BEL","Men"
"Finn Zachrisson","SWE","Men"
"Flavio Gross","SUI","Men"
"Floor van den Brandt","NED","Women"
"Floris Root","AUT","Men"
"Fran Vanhoutte","BEL","Women"
"Francesca Bettrone","ITA","Women"
"Francesca Lollobrigida","ITA","Women"
"Francesco Betti","ITA","Men"
"Franchesca Pasquarella","USA","Women"
"Francisca Gomes Henriques","POR","Women"
"Frank Roth","CAN","Men"
"Frank Vreugdenhil","NED","Men"
"Frederik Gajos Hamre","NOR","Men"
"Fredrik van der Horst","NOR","Men"
"Freek Van Der Ham","NED","Men"
"Frida van Megen","NOR","Women"
"Fridtjof Petzold","GER","Men"
"Fu Xu","CHN","Men"
"Fuga Tsujimoto","JPN","Men"
"Fuyo Matsuoka","JPN","Women"
"Gabriel Eduard Nitu","ROU","Men"
"Gabriel Groß","GER","Men"
"Gabriel Odor","AUT","Men"
"Gabriele Fichera","ITA","Men"
"Gabriele Galli","ITA","Men"
"Gabriele Hirschbichler","GER","Women"
"Gabrielle Jelonek","CAN","Women"
"Gabrielle Sanson","CAN","Women"
"Gaweł Oficjalski","POL","Men"
"Gemma Cooper","GBR","Women"
"Geophrey Coenraad","NED","Men"
"Gerben Jorritsma","NED","Men"
"Gereltuya Battulga","MGL","Women"
"Germain Deschamps","FRA","Men"
"Germany","GER","Women"
"Germany","GER","Men"
"Germany (N)F. Motschmann, B. Brauer, G. Groß","GER","Men"
"GermanyA. Ostlender, M. Uhrig, L. Scholz","GER","Women"
"GermanyH. Dombek, M. Klein, S. Emele","GER","Men"
"GermanyH. Dombek, N. Ihle, M. Klein","GER","Men"
"GermanyI. Kraus, S. Warmuth, J. Schlörb","GER","Women"
"GermanyJ. Heimerl, A. Ostlender, S. Warmuth","GER","Women"
"GermanyJ. Heimerl, A. Ostlender, V. Stirnemann","GER","Women"
"GermanyJ. Marx, H. Dombek, S. Emele","GER","Men"
"GermanyJ. Schlörb, S. Adeberg, M. Schaefer","GER","Women"
"GermanyK. Franzen, A. Ostlender, L. Scholz","GER","Women"
"GermanyK. Franzen, L. Scholz, M. Uhrig","GER","Women"
"GermanyL. Grabe, L. Engst, F. Sonnekalb","GER","Men"
"GermanyL. Grabe, R. Schreiter, F. Sonnekalb","GER","Men"
"GermanyL. Scholz, S. Warmuth, A. Ostlender","GER","Women"
"GermanyM. Klein, N. Kurzmann, D. Lederer","GER","Men"
"GermanyM. Klein, S. Emele, H. Dombek","GER","Men"
"GermanyM. Roth, M. Gras, N. Müller","GER","Men"
"GermanyM. Strübe, M. Klein, H. Dombek","GER","Men"
"GermanyN. Ihle, D. Ihle, J. Dufter","GER","Men"
"GermanyN. Ihle, H. Hirschbichler, J. Dufter","GER","Men"
"GermanyN. Ihle, J. Dufter, H. Dombek","GER","Men"
"GermanyN. Ihle, J. Dufter, S. Emele","GER","Men"
"GermanyN. Kurzmann, H. Dombek, M. Klein","GER","Men"
"GermanyO. Jeske, J. Marx, M. Roth","GER","Men"
"GermanyP. Albrecht, S. Adeberg, M. Schaefer","GER","Women"
"GermanyP. Beckert, H. Dombek, M. Gras","GER","Men"
"GermanyP. Galczinsky, N. Kurzmann, M. Roth","GER","Men"
"GermanyP. Galczinsky, O. Jeske, M. Reder","GER","Men"
"GermanyS. Adeberg, I. Kraus, M. Schaefer","GER","Women"
"GermanyS. Adeberg, M. Schaefer, I. Kraus","GER","Women"
"GermanyS. Warmuth, A. Ostlender, L. Scholz","GER","Women"
"GermanyT. Rudolph, M. Klein, S. Emele","GER","Men"
"GermanyV. Stirnemann, J. Heimerl, A. Ostlender","GER","Women"
"Gert Wierda","NED","Men"
"Giacomo Zampedri","ITA","Men"
"Gianluca Bernardi","ITA","Men"
"Gideon Hande","GER","Men"
"Gijs Esders","NED","Men"
"Gijs Luijten","BEL","Men"
"Gilmore Junio","CAN","Men"
"Gina Engebråten","NOR","Women"
"Giorgia Aiello","ITA","Women"
"Giorgia Birkeland","USA","Women"
"Giorgia Franceschini","ITA","Women"
"Giorgia Fusetto","ITA","Women"
"Giosue Neve","ITA","Men"
"Giovanni Trebouta","FRA","Men"
"Giulia Presti","ITA","Women"
"Gloria Malfatti","ITA","Women"
"Graeme Fish","CAN","Men"
"Greta Myers","USA","Women"
"Guojun Tian","CHN","Men"
"Guoqiang Zhang","CHN","Men"
"Guro Samdahl Melhuus","NOR","Women"
"Gustav Arnell","SWE","Men"
"Gustavs Vācietis","LAT","Men"
"Hae Young Lee","KOR","Men"
"Hallgeir Engebråten","NOR","Men"
"Hana Noake","JPN","Women"
"Hanbin Liu","CHN","Men"
"Hanna Biró","HUN","Women"
"Hanna Hnatiuk","UKR","Women"
"Hanna Mazur","POL","Women"
"Hanna Müller","AUT","Women"
"Hanna Nifantava","BLR","Women"
"Hanna Svenni","NOR","Women"
"Hannah Llop Izquierdo","ESP","Women"
"Hanne Haugland","NOR","Women"
"Hanyang Shen","CHN","Men"
"Haonan Du","CHN","Men"
"Haotian Wang","CHN","Men"
"Haralds Silovs","LAT","Men"
"Harm Visser","NED","Men"
"Harri Levo","FIN","Men"
"Hayden Mayeur","CAN","Men"
"Heather Bergsma","USA","Women"
"Heather Carruthers","CAN","Women"
"Hee Won Son","CAN","Women"
"Hee-Jin Kim","KOR","Women"
"Hege Bøkko","NOR","Women"
"Hein Otterspeer","NED","Men"
"Helga Drost","NED","Women"
"Hemmo Hannula","FIN","Men"
"Hendrik Dombek","GER","Men"
"Henrik Fagerli Rukke","NOR","Men"
"Hidde Westra","NED","Men"
"Hina Onodera","JPN","Women"
"Hlib Khochyn","UKR","Men"
"Ho-Jun Yang","KOR","Men"
"Hong Zhang","CHN","Women"
"Hong-Sun Ha","KOR","Men"
"Hongli Wang","CHN","Men"
"Hongyu Cui","CHN","Men"
"Huawei Li","CHN","Women"
"Hubert Hirschbichler","GER","Men"
"Hubert Marcotte","CAN","Men"
"Hugo Klockar","SWE","Men"
"Huidan Jung","KOR","Women"
"Hungary (N)J. Sipos, L. Soma, B. Bödei","HUN","Men"
"HungaryB. Bejczi, D. Gyurmánczi, B. Kun","HUN","Men"
"HungaryK. Nagy, B. Dékány, B. Bejczi","HUN","Men"
"HungaryM. Klimasz, J. Sipos, L. Soma","HUN","Men"
"HungaryR. Vancsó, H. Biró, L. Sándor","HUN","Women"
"HungaryR. Vancsó, I. Füzesy, A. Mercs","HUN","Women"
"Hyeong-Joon Joo","KOR","Men"
"Hyun-Jun Ahn","KOR","Men"
"Hyun-Min Oh","KOR","Men"
"Hyun-Woong Moon","KOR","Men"
"Hyun-Yung Kim","KOR","Women"
"Hyunseo Chung","KOR","Women"
"Hyunsun Hwang","KOR","Women"
"Håkon Sæther","NOR","Men"
"Håvard Bøkko","NOR","Men"
"Håvard Holmefjord Lorentzen","NOR","Men"
"Ian Frederick","USA","Men"
"Ian Quinn","USA","Men"
"Ida Njåtun","NOR","Women"
"Iga Smejda","POL","Women"
"Iga Wojtasik","POL","Women"
"Ignacio Moran","ESP","Men"
"Ignat Golovatsiuk","BLR","Men"
"Ignaz Gschwentner","AUT","Men"
"Iker Ruiz Cortes","ESP","Men"
"Ilka Füzesy","HUN","Women"
"Ilya Piatrou","BLR","Men"
"In-Woo Jung","KOR","Men"
"Ina Nakken","NOR","Women"
"Indra Medard","BEL","Men"
"Inessa Shumekova","KAZ","Women"
"Inge Anne Vasaasen","NOR","Women"
"Ingrid Håkegård Eichler","NOR","Women"
"Inka Koivisto","FIN","Women"
"Inwoo Jung","KOR","Men"
"Iori Kitahara","JPN","Women"
"Ireen Wüst","NED","Women"
"Irene Schouten","NED","Women"
"Irina Arshinova","RUS","Women"
"Irina Chumak","KAZ","Women"
"Irina Felea","ROU","Women"
"Irina Kuznetsova","RUS","Women"
"Irina Platona","ROU","Women"
"Irina Slesareva","RUS","Women"
"Isabel Grevelt","NED","Women"
"Isabel Kraus","GER","Women"
"Isabela Vargas","COL","Women"
"Isabell Ost","GER","Women"
"Isabelle Champagne","CAN","Women"
"Isabelle Van Elst","BEL","Women"
"Isabelle Weidemann","CAN","Women"
"Issa Gunji","JPN","Men"
"Issei Matsumoto","JPN","Men"
"Italy","ITA","Men"
"Italy (N)M. Bernabè, M. Peghini, M. De Carli","ITA","Men"
"Italy (N)M. Vigl, L. Peveri, G. Presti","ITA","Women"
"ItalyA. Aiello, G. Fusetto, G. Franceschini","ITA","Women"
"ItalyF. Betti, D. Bosa, A. Trentini","ITA","Men"
"ItalyF. Betti, E. Salino, J. Rosanelli","ITA","Men"
"ItalyF. Betti, G. Galli, J. Rosanelli","ITA","Men"
"ItalyF. Betti, N. Nadalini, E. Salino","ITA","Men"
"ItalyF. Lollobrigida, F. Bettrone, N. Bonazza","ITA","Women"
"ItalyJ. Daldossi, M. Nenzi, D. Bosa","ITA","Men"
"ItalyM. Leonardelli, D. Zampedri, L. Minari","ITA","Men"
"ItalyM. Nenzi, A. Trentini, J. Rosanelli","ITA","Men"
"ItalyM. Nenzi, D. Bosa, A. Trentini","ITA","Men"
"ItalyM. Nenzi, J. Rosanelli, D. Bosa","ITA","Men"
"ItalyM. Vigl, G. Aiello, E. Tormen","ITA","Women"
"ItalyN. Rosanelli, R. Thurner, M. Peghini","ITA","Men"
"ItalyS. Pergher, M. Vigl, G. Aiello","ITA","Women"
"ItalyY. Daldossi, F. Bettrone, N. Bonazza","ITA","Women"
"Iulia Ionescu","ROU","Women"
"Ivan Arzhanikov","KAZ","Men"
"Ivan Roldán Ferrer","ESP","Men"
"Ivanie Blondin","CAN","Women"
"Iñigo Vidondo","ESP","Men"
"Jaakko Hautamäki","FIN","Men"
"Jack Deibert","CAN","Men"
"Jaclyn Rowe","USA","Women"
"Jacob Graham","CAN","Men"
"Jade Groenewoud","NED","Women"
"Jade Holborough-Kerkvliet","GBR","Women"
"Jae Woong Chung","KOR","Men"
"Jae-Won Chung","KOR","Men"
"Jaewan Shin","KOR","Men"
"Jake Weidemann","CAN","Men"
"Jakub Klembara","SVK","Men"
"Jakub Kopriva","CZE","Men"
"Jakub Kočí","CZE","Men"
"Jakub Piotrowski","POL","Men"
"Jakub Zakrzewski","POL","Men"
"Jalen Doan","CAN","Men"
"Jamie Gregg","CAN","Men"
"Jamie Jurak","USA","Women"
"Jamie Nielson","USA","Women"
"Jan Blokhuijsen","NED","Men"
"Jan Daldossi","ITA","Men"
"Jan Smeekens","NED","Men"
"Jan Swiatek","POL","Men"
"Jan Szymanski","POL","Men"
"Janine Smit","NED","Women"
"Janno Botman","NED","Men"
"Japan","JPN","Women"
"JapanK. Inagawa, M. Takagi, A. Sato","JPN","Women"
"JapanK. Inagawa, R. Kosaka, M. Kumagai","JPN","Women"
"JapanK. Kuratsubo, T. Morino, W. Morishige","JPN","Men"
"JapanK. Soga, K. Inagawa, S. Kikuchi","JPN","Women"
"JapanM. Kumagai, T. Nagasaki, A. Fukuoka","JPN","Women"
"JapanM. Takagi, A. Sato, K. Soga","JPN","Women"
"JapanM. Tsuji, A. Go, K. Soga","JPN","Women"
"JapanM. Tsuji, E. Kamiya, A. Go","JPN","Women"
"JapanM. Tsuji, K. Soga, Y. Abe","JPN","Women"
"JapanM. Tsuji, N. Kodaira, A. Go","JPN","Women"
"JapanM. Tsuji, N. Kodaira, E. Kamiya","JPN","Women"
"JapanM. Tsuji, N. Kodaira, K. Soga","JPN","Women"
"JapanR. Haga, T. Hasegawa, D. Yamanaka","JPN","Men"
"JapanR. Hayashi, T. Ishikawa, R. Iwasa","JPN","Men"
"JapanT. Hasegawa, S. Nakamura, Y. Fujino","JPN","Men"
"JapanT. Hasegawa, T. Kondo, D. Yamanaka","JPN","Men"
"JapanT. Hasegawa, T. Kondo, Y. Fujino","JPN","Men"
"JapanT. Hasegawa, Y. Murakami, T. Shinhama","JPN","Men"
"JapanT. Oda, T. Kondo, D. Yamanaka","JPN","Men"
"JapanY. Murakami, M. Yamada, Y. Matsui","JPN","Men"
"JapanY. Murakami, R. Kojima, Y. Matsui","JPN","Men"
"JapanY. Murakami, T. Shinhama, M. Yamada","JPN","Men"
"JapanY. Murakami, W. Morishige, K. Kikuchi","JPN","Men"
"JapanY. Yoshida, K. Inagawa, H. Noake","JPN","Women"
"Jarle Gerrits","NED","Men"
"Jarno Schellekens","BEL","Men"
"Jaro Flaig","GER","Men"
"Jasmijn Veenhuis","NED","Women"
"Jasmin Güntert","SUI","Women"
"Jason Suttels","BEL","Men"
"Jasper Krommenhoek","NED","Men"
"Jeannine Rosner","AUT","Women"
"Jef Mariën","BEL","Men"
"Jeffery Swider-Peltz","USA","Men"
"Jeffrey Rosanelli","ITA","Men"
"Jein Lee","KOR","Women"
"Jelena Peeters","BEL","Women"
"Jenna Larter","CAN","Women"
"Jennifer Bay","GER","Women"
"Jennifer Plate","GER","Women"
"Jenning De Boo","NED","Men"
"Jeongho Ko","KOR","Men"
"Jeremias Heikkinen","FIN","Men"
"Jeremias Marx","GER","Men"
"Jerica Tandiman","USA","Women"
"Jersey Chytla","USA","Men"
"Jerzy Stadnicki","POL","Men"
"Jesika Forstová","CZE","Women"
"Jesper Hospes","NED","Men"
"Jess Neufeld","CAN","Men"
"Jesse Speijers","NED","Men"
"Jessica Gregg","CAN","Women"
"Jhoan Sebastian Guzman Bitar","ESP","Men"
"Ji-Woo Park","KOR","Women"
"Jia-Sheng Lai","TPE","Men"
"Jiachen Hao","CHN","Women"
"Jiafan Zhu","CHN","Men"
"Jiali Lu","CHN","Women"
"Jiamin Jiang","CHN","Women"
"Jian Heo","KOR","Women"
"Jiarong Zhou","CHN","Women"
"Jiawei Yu","CHN","Men"
"Jiaxuan Li","CHN","Women"
"Jiaxuan Xie","CHN","Men"
"Jiayang Geng","CHN","Women"
"Jiaying Tao","CHN","Women"
"Jie Yang","CHN","Women"
"Jiho Yoon","KOR","Men"
"Jildou Hoekstra","NED","Women"
"Jillian Knook","NED","Women"
"Jin-Su Kim","KOR","Men"
"Jin-Yeong Lee","KOR","Men"
"Jincheng Lu","CHN","Men"
"Jing Liu","CHN","Women"
"Jing Yu","CHN","Women"
"Jingqi Cao","CHN","Men"
"Jingzhu Jin","CHN","Women"
"Jingziqian Wang","CHN","Women"
"Joanna Hajduk","POL","Women"
"Joel Dufter","GER","Men"
"Joep Wennemars","NED","Men"
"Joey Mantia","USA","Men"
"Johann Jørgen Sæves","NOR","Men"
"Johannes Vermeersch","BEL","Men"
"John Bernardi","ITA","Men"
"John Granli","NOR","Men"
"Joji Kato","JPN","Men"
"Jonas Haugland","NOR","Men"
"Jonas Nordhøy Kristensen","NOR","Men"
"Jonas Pflug","GER","Men"
"Jonathan Garcia","USA","Men"
"Jonathan Tobon","USA","Men"
"Joona Suomalainen","FIN","Men"
"Joonas Valge","EST","Men"
"Joonsoo Noh","KOR","Men"
"Jordan Belchos","CAN","Men"
"Jordan Mcmillen","BEL","Men"
"Jordan Stolz","USA","Men"
"Jordy Van Workum","NED","Men"
"Jorien Voorhuis","NED","Women"
"Jorien ter Mors","NED","Women"
"Jorrit Bergsma","NED","Men"
"Jort Boomhouwer","NED","Men"
"Jos de Vos","NED","Men"
"Josephine Grill","SWE","Women"
"Josephine Heimerl","GER","Women"
"Josephine Schlörb","GER","Women"
"Josh Whyte","NZL","Men"
"Joshua Capponi","AUS","Men"
"Joshua Telizyn","CAN","Men"
"Josie Hofmann","GER","Women"
"Josie Morrison","CAN","Women"
"Jouke Hoogeveen","NED","Men"
"Joy Beune","NED","Women"
"João Afonso Calado Dias","POR","Men"
"João Francisco Ornelas De Jesus","POR","Men"
"João Victor Da Silva","BRA","Men"
"Ju-Lin De Visser","TPE","Women"
"Judith Dannhauer","GER","Women"
"Juho Vaittinen","FIN","Men"
"Julia Bachl","GER","Women"
"Julia De Vos","BRA","Women"
"Julia Espín Real","ESP","Women"
"Julia Geutner","GER","Women"
"Julia Grzywińska","POL","Women"
"Julia Nizan","FRA","Women"
"Julia Snelgrove","CAN","Women"
"Julian Zimmerling","AUT","Men"
"Julie Berg Sjøbrend","NOR","Women"
"Julie Nistad Samsonsen","NOR","Women"
"Jun Hyeong Park","KOR","Men"
"Jun-Ho Kim","KOR","Men"
"Jundan Hou","CHN","Women"
"Jung Min Yoon","KOR","Women"
"Jung-Soo Lim","KOR","Women"
"Junha Kim","KOR","Men"
"Junya Miwa","JPN","Men"
"Junzhi Zhang","CHN","Men"
"Jur Veenje","NED","Men"
"Justin Stelly","USA","Men"
"Jutta Leerdam","NED","Women"
"Juuso Lehtonen","FIN","Men"
"Jáchym Podlipský","CZE","Men"
"János Sipos","HUN","Men"
"Jéssica Carolina Santos Rodrigues","POR","Women"
"Kaai Murayama","JPN","Women"
"Kacper Abratkiewicz","POL","Men"
"Kaede Kojima","JPN","Women"
"Kai In 't Veld","NED","Men"
"Kai In 't Veld","GRE","Men"
"Kai Verbij","NED","Men"
"Kaibo Hou","CHN","Men"
"Kaitlyn McGregor","SUI","Women"
"Kaja Gajewska","POL","Women"
"Kaja Ziomek-Nogal","POL","Women"
"Kako Yamane","JPN","Women"
"Kaleb Muller","CAN","Men"
"Kali Christ","CAN","Women"
"Kalle Kinnala","FIN","Men"
"Kang-Seok Lee","KOR","Men"
"Kari Celine Reiss-Jacobsen","NOR","Women"
"Karina Akhmetova","RUS","Women"
"Karine Udahl","NOR","Women"
"Karolina Bosiek","POL","Women"
"Karolina Erbanova","CZE","Women"
"Karolina Gasecka","POL","Women"
"Kars Jansman","NED","Men"
"Karuna Koyama","JPN","Women"
"Karyna Shypulia","BLR","Women"
"Kaspar Kaljuvee","EST","Men"
"Kaspar Norberg","SWE","Men"
"Kasper Tveter","NOR","Men"
"Kata Gréta Iványi","HUN","Women"
"Katarzyna Bachleda-Curus","POL","Women"
"Katarzyna Wozniak","POL","Women"
"Kate Hanly","CAN","Women"
"Katerina Kainová","CZE","Women"
"Katerina Macháckova","CZE","Women"
"Katerina Novotná","CZE","Women"
"Kateryna Demydenko","AUT","Women"
"Katharina Mezgolits","AUT","Women"
"Katharina Thien","AUT","Women"
"Katia Filippi","ITA","Women"
"Katja Franzen","GER","Women"
"Katsuhiro Kuratsubo","JPN","Men"
"Kaylin Irvine","CAN","Women"
"Kayo Vos","NED","Men"
"Kazakhstan","KAZ","Women"
"Kazakhstan","KAZ","Men"
"Kazakhstan (N)A. Lifatova, A. Ilyachsehenko, A. Dauranova","KAZ","Women"
"Kazakhstan (N)A. Semenov, D. Bichurkin, D. Ossipenko","KAZ","Men"
"KazakhstanA. Dauranova, Y. Aydova, N. Morozova","KAZ","Women"
"KazakhstanA. Galiyev, A. Klenko, D. Gavrilov","KAZ","Men"
"KazakhstanA. Galiyev, A. Mukhamadeyev, V. Zaretskiy","KAZ","Men"
"KazakhstanA. Galiyev, R. Kirbyatyev, V. Zaretskiy","KAZ","Men"
"KazakhstanA. Lifatova, A. Ilyachsehenko, A. Dauranova","KAZ","Women"
"KazakhstanA. Lifatova, M. Kuznetsova, M. Galiyeva","KAZ","Women"
"KazakhstanA. Shumekova, D. Vazhenina, K. Shumekova","KAZ","Women"
"KazakhstanA. Zhigin, D. Kuzin, F. Mezentsev","KAZ","Men"
"KazakhstanA. Zjardembekuly, A. Galiyev, N. Vazhenin","KAZ","Men"
"KazakhstanD. Bichurkin, M. Gluchshenko, A. Semenov","KAZ","Men"
"KazakhstanD. Kuzin, F. Mezentsev, A. Klenko","KAZ","Men"
"KazakhstanD. Kuzin, F. Mezentsev, A. Krikunov","KAZ","Men"
"KazakhstanD. Kuzin, F. Mezentsev, I. Arzhanikov","KAZ","Men"
"KazakhstanD. Kuzin, R. Krech, F. Mezentsev","KAZ","Men"
"KazakhstanD. Kuzin, R. Krech, S. Palkin","KAZ","Men"
"KazakhstanD. Mezentsev, M. Matryukhin, R. Zjanadilov","KAZ","Men"
"KazakhstanD. Vazhenina, K. Silaeva, N. Morozova","KAZ","Women"
"KazakhstanD. Vazhenina, M. Galiyeva, I. Shumekova","KAZ","Women"
"KazakhstanF. Mezentsev, I. Arzhanikov, A. Klenko","KAZ","Men"
"KazakhstanI. Shumekova, D. Vazhenina, A. Dauranova","KAZ","Women"
"KazakhstanK. Silaeva, D. Vazhenina, N. Morozova","KAZ","Women"
"KazakhstanM. Galiyeva, N. Morozova, X. Yakovleva","KAZ","Women"
"KazakhstanN. Akzhol, V. Zaretskiy, A. Zjardembekuly","KAZ","Men"
"KazakhstanN. Morozova, A. Dauranova, Y. Aydova","KAZ","Women"
"KazakhstanN. Vazhenin, A. Zjardembekuly, A. Semenov","KAZ","Men"
"KazakhstanR. Krech, F. Mezentsev, A. Krikunov","KAZ","Men"
"KazakhstanR. Krech, S. Palkin, A. Galiyev","KAZ","Men"
"KazakhstanR. Zjanadilov, A. Askar, K. Temirzjanov","KAZ","Men"
"KazakhstanS. Palkin, A. Klenko, A. Galiyev","KAZ","Men"
"KazakhstanS. Palkin, A. Krikunov, A. Galiyev","KAZ","Men"
"KazakhstanV. Chadova, I. Chumak, N. Morozova","KAZ","Women"
"KazakhstanV. Glukhova, Y. Shabassova, A. Belovodova","KAZ","Women"
"KazakhstanY. Aydova, A. Dauranova, N. Morozova","KAZ","Women"
"KazakhstanY. Koshkin, A. Galiyev, A. Klenko","KAZ","Men"
"KazakhstanY. Koshkin, A. Galiyev, D. Gavrilov","KAZ","Men"
"KazakhstanY. Koshkin, N. Vazhenin, A. Zjardembekuly","KAZ","Men"
"Kazuya Yamada","JPN","Men"
"Kc Boutiette","USA","Men"
"Keeley Whitcomb","USA","Women"
"Keiichiro Nagashima","JPN","Men"
"Kelin Dunfee","USA","Men"
"Kelly Gunther","USA","Women"
"Kensho Kusaka","JPN","Men"
"Kento Nakamura","JPN","Men"
"Keri Morrison","CAN","Women"
"Kierryn Hughes","NZL","Men"
"Kimani Griffin","USA","Men"
"Kimi Goetz","USA","Women"
"Kirill Golubev","RUS","Men"
"Kirill Pishchala","POL","Men"
"Kiyotaka Tokiyasu","JPN","Men"
"Kjeld Nuis","NED","Men"
"Koen Verweij","NED","Men"
"Kohki Takamisawa","JPN","Men"
"Koki Kubo","JPN","Men"
"Kokoro Mitsui","JPN","Women"
"Kokoro Morino","JPN","Women"
"Konami Soga","JPN","Women"
"Konrad Niedzwiedzki","POL","Men"
"Konrád Nagy","HUN","Men"
"Konstantin Götze","GER","Men"
"Korea","KOR","Women"
"KoreaC. Park, N. Lee, M. Kim","KOR","Women"
"KoreaE. Ko, Y. Cho, J. Ko","KOR","Men"
"KoreaH. Kim, M. Jang, M. Kim","KOR","Women"
"KoreaH. Kim, M. Kim, J. Park","KOR","Women"
"KoreaH. Kim, M. Kim, S. Park","KOR","Women"
"KoreaH. Kim, M. Kim, S. Shin","KOR","Women"
"KoreaH. Kim, M. Kim, Y. Nam","KOR","Women"
"KoreaJ. Kim, J. Kim, T. Kim","KOR","Men"
"KoreaJ. Kim, M. Cha, J. Kim","KOR","Men"
"KoreaJ. Kim, M. Cha, S. Cho","KOR","Men"
"KoreaJ. Kim, T. Kim, M. Cha","KOR","Men"
"KoreaJ. Kim, T. Kim, S. Yang","KOR","Men"
"KoreaJ. Kim, T. Kim, W. Jang","KOR","Men"
"KoreaJ. Lee, H. Jung, L. Lim","KOR","Women"
"KoreaM. Kim, C. Park, J. Park","KOR","Women"
"KoreaM. Kim, M. Kim, C. Um","KOR","Women"
"KoreaM. Kim, M. Kim, S. Shin","KOR","Women"
"KoreaM. Kim, N. Lee, M. Kim","KOR","Women"
"KoreaS. Cho, S. Oh, B. Lee","KOR","Men"
"KoreaS. Jeong, D. Lee, H. Lee","KOR","Men"
"KoreaS. Kang, M. Kim, S. Shin","KOR","Women"
"KoreaS. Lee, H. Chung, S. Kang","KOR","Women"
"KoreaS. Lee, H. Kim, S. Park","KOR","Women"
"KoreaS. Park, J. Chung, M. Kim","KOR","Men"
"KoreaT. Mo, T. Kim, W. Jang","KOR","Men"
"KoreaY. Nam, M. Kim, S. Shin","KOR","Women"
"Kotaro Kasahara","JPN","Men"
"Koto Nakao","JPN","Men"
"Kristian Gamme Ulekleiv","NOR","Men"
"Kristian Solland Reinton","NOR","Men"
"Kristiine Kalev","EST","Women"
"Kristina Grumand","RUS","Women"
"Kristina Kemaeva","RUS","Women"
"Kristina Shumekova","KAZ","Women"
"Kristina Silaeva","KAZ","Women"
"Kristsina Burmistrava","BLR","Women"
"Kryspin Węcławek","POL","Men"
"Krystian Milczarek","POL","Men"
"Kseniia Korzhova","RUS","Women"
"Kseniia Korzhova","AIN","Women"
"Kseniya Sadovskaya","BLR","Women"
"Kudajbergen Temirzjanov","KAZ","Men"
"Kunhyu An","KOR","Men"
"Kurumi Inagawa","JPN","Women"
"Kyoko Nitta","JPN","Women"
"Kyoungju Kim","KOR","Women"
"Kyudam Jun","KOR","Men"
"Kyung-Min Koo","KOR","Men"
"Kyungrae Kim","KOR","Men"
"Lara Castro Nortier","POR","Women"
"Lars Heinrichs","GER","Men"
"LatviaP. Sniķere, A. Kucina, L. Jankovska","LAT","Women"
"Laura Hall","CAN","Women"
"Laura Isabel Gomez Quintero","COL","Women"
"Laura Jankovska","LAT","Women"
"Laura Kivioja","FIN","Women"
"Laura Lorenzato","ITA","Women"
"Laura Peveri","ITA","Women"
"Lauren McGuire","CAN","Women"
"Laurens Bergé","BEL","Men"
"Laurent Dubreuil","CAN","Men"
"Laurine van Riessen","NED","Women"
"Lea Seppele","AUT","Women"
"Lea Sophie Scholz","GER","Women"
"Leah Crisp","AUS","Women"
"Leandro Gross","SUI","Men"
"Leewon Lim","KOR","Women"
"Lei Chen","CHN","Men"
"Leia Marie Behlau","GER","Women"
"Lemi Williamson","JPN","Women"
"Leming Li","CHN","Women"
"Lena Budzan","POL","Women"
"Lennart Grabe","GER","Men"
"Lennart Jasch","GER","Men"
"Lennart Velema","NED","Men"
"Leo Drossos-Thompson","USA","Men"
"Leo Huber","GER","Men"
"Letitia de Jong","NED","Women"
"Levente Engst","GER","Men"
"Li Cheng","CHN","Women"
"Liam Kitchel","USA","Men"
"Libby Williams","USA","Women"
"Lieke Huizink","NED","Women"
"Lilit Garibian","RUS","Women"
"Lilla Malinovszky","HUN","Women"
"Lilla Sándor","HUN","Women"
"Lina Poddubnaia","GER","Women"
"Lina Zhang","CHN","Women"
"Linda Bortolotti","ITA","Women"
"Linda Rossi","ITA","Women"
"Linda de Vries","NED","Women"
"Lindsey Kent","CAN","Women"
"Lindsey Woodbury","USA","Women"
"Linnea Melgårdshagen","NOR","Women"
"Linus Heidegger","AUT","Men"
"Lisa Zimmerling","AUT","Women"
"Lisa van der Geest","NED","Women"
"Lisandra Tarmet","EST","Women"
"Livio Wenger","SUI","Men"
"Liwia Kubin","POL","Women"
"Longjiang Sun","CHN","Men"
"Lorenzo Minari","ITA","Men"
"Lotte Groenen","NED","Women"
"Lotte van Beek","NED","Women"
"Louis Hollaar","NED","Men"
"Lovisa Olstad Grinden","NOR","Women"
"Lovisia Olstad Grinden","NOR","Women"
"Luca Matteo Stibenz","GER","Men"
"Luca Stefani","ITA","Men"
"Luca Veeman","CAN","Men"
"Luca Zanghellini","ITA","Men"
"Lucas van Alphen","NED","Men"
"Lucia Alapont","ESP","Women"
"Lucie Korvasová","CZE","Women"
"Luisa María González","ESP","Women"
"Luiza Zlotkowska","POL","Women"
"Luka Rintala","FIN","Men"
"Lukas Mann","GER","Men"
"Lukas Stekly","SVK","Men"
"Luke Zeliff","AUS","Men"
"Lukács Soma","HUN","Men"
"Lukáš Steklý","CZE","Men"
"Luna Díaz Barragán","COL","Women"
"Luna-Luisa Powik","GER","Women"
"Maaike Verweij","NED","Women"
"Maciej Dulewicz","POL","Men"
"Maddison Pearman","CAN","Women"
"Magdalena Czyszczoń","POL","Women"
"Magdalena Mühle","GER","Women"
"Magdalena Smędzik","POL","Women"
"Magnus Bakken Haugli","NOR","Men"
"Magnus Myhren Kristensen","NOR","Men"
"Magnus Normann Jeppesen","DEN","Men"
"Mai Abe","JPN","Women"
"Mai Kiyama","JPN","Women"
"Mai Yamada","JPN","Women"
"Maira Jasch","GER","Women"
"Maja Płończyk","POL","Women"
"Maki Tabata","JPN","Women"
"Maki Tsuji","JPN","Women"
"Makoto Owada","JPN","Men"
"Maksat Mukajev","KAZ","Men"
"Maksim Baklashkin","KAZ","Men"
"Maksim Dubouski","BLR","Men"
"Maksim Kandratsyeu","BLR","Men"
"Maksymilian Rzepka","POL","Men"
"Mamoru Takada","JPN","Men"
"Man-Hyeok Han","KOR","Men"
"Manami Momose","JPN","Women"
"Manato Sato","JPN","Men"
"Manuel De Carli","ITA","Men"
"Manuel Ghiotto","ITA","Men"
"Manuel Gras","GER","Men"
"Manuel Morgado Piteira","POR","Men"
"Manuel Robla","ESP","Men"
"Manuel Taibo González","ESP","Men"
"Mara-Stefania Harabagiu","ROU","Women"
"Marcel Bosker","NED","Men"
"Marcel Drwiega","POL","Men"
"Marcin Bachanek","POL","Men"
"Marco António Abreu Lira","POR","Men"
"Marco Weber","GER","Men"
"Mareike Thum","GER","Women"
"Marek Kania","POL","Men"
"Marek Kurš","CZE","Men"
"Margarita Galiyeva","KAZ","Women"
"Margarita Ryzhova","RUS","Women"
"Margot Boer","NED","Women"
"Maria Lamb","USA","Women"
"Maria Netland Rabbe","NOR","Women"
"Maria Victoria Rodriguez","ARG","Women"
"Marie Bakken Haugli","NOR","Women"
"Mariin Sarap","EST","Women"
"Marija Degen","KAZ","Women"
"Marije Joling","NED","Women"
"Marijke Groenewoud","NED","Women"
"Marina Avtonomova","RUS","Women"
"Marina Zueva","BLR","Women"
"Marina Zueva","AIN","Women"
"Mario Valencia","COL","Men"
"Marit Fjelanger Bøhm","NOR","Women"
"Marius Bratli","NOR","Men"
"Mariya Kuznetsova","KAZ","Women"
"Marlen Ehseluns","GER","Women"
"Marley Soldan","USA","Women"
"Maros Moscak","SVK","Men"
"Marrit Fledderus","NED","Women"
"Marrit Leenstra","NED","Women"
"Marsha Hudey","CAN","Women"
"Marta Dobrowolska","POL","Women"
"Marte Bjerkreim Furnee","NOR","Women"
"Marte Vatn","NOR","Women"
"Marten Liiv","EST","Men"
"Martha Brehmer","SWE","Women"
"Martijn van Oosten","NED","Men"
"Martim José Coelho Vieira","POR","Men"
"Martin Belloir","FRA","Men"
"Martin Corbett","CAN","Men"
"Martin Hänggi","SUI","Men"
"Martin Solberg Andreassen","NOR","Men"
"Martin Vike Lackner","NOR","Men"
"Martina Sáblíková","CZE","Women"
"Martine Ripsrud","NOR","Women"
"Martine Solem","NOR","Women"
"Martyna Baran","POL","Women"
"Marwin Talsma","NED","Men"
"Maryia Krotava","BLR","Women"
"Masahito Obayashi","JPN","Men"
"Masaya Yamada","JPN","Men"
"Matej Filip","SVK","Men"
"Mateusz Gawroński","POL","Men"
"Mateusz Mikołajuk","POL","Men"
"Mateusz Owczarek","POL","Men"
"Mateusz Śliwka","POL","Men"
"Mathias Hauer","AUT","Men"
"Mathias Vosté","BEL","Men"
"Mathieu Belloir","FRA","Men"
"Mathilde Pédronno","FRA","Women"
"Mats Bendijk","NED","Men"
"Mats Stoltenborg","NED","Men"
"Mats Van Den Bos","NED","Men"
"Matteo Ambrosini","ITA","Men"
"Matthew Mitchell","CAN","Men"
"Mattia Bernabè","ITA","Men"
"Mattia Leonardelli","ITA","Men"
"Mattia Peghini","ITA","Men"
"Matvey Tarasov","RUS","Men"
"Matěj Semeniuk","CZE","Men"
"Maud Lugters","NED","Women"
"Max Fiodarav","BLR","Men"
"Max Halyk","CAN","Men"
"Max Kokko","FIN","Men"
"Max Poulin","CAN","Men"
"Max Reder","GER","Men"
"Max Visscher","NED","Men"
"Max Weber","USA","Men"
"Maxim Sharapov","RUS","Men"
"Maximilian Geppert","GER","Men"
"Maximilian Patz","GER","Men"
"Maximilian Strübe","GER","Men"
"Maya Lueders","CAN","Women"
"Maybritt Vigl","ITA","Women"
"Mayon Kuipers","NED","Women"
"Mckenzie Browne","USA","Women"
"Meghan Wystrichowski","GER","Women"
"Mei Han","CHN","Women"
"Meike Veen","NED","Women"
"Melissa Schaefer","GER","Women"
"Melissa Wijfje","NED","Women"
"Meng Xu","CHN","Women"
"Merel Conijn","NED","Women"
"Meri-Vuokko Hannula","FIN","Women"
"Merijn Scheperkamp","NED","Men"
"Metoděj Jílek","CZE","Men"
"Mette Ten Cate","NED","Women"
"Mi Jang","KOR","Women"
"Mia Manganello","USA","Women"
"Mia Meinig","GER","Women"
"Michael Roth","GER","Men"
"Michal Elias","SVK","Men"
"Michał Kopacz","POL","Men"
"Michel Mulder","NED","Men"
"Michele Malfatti","ITA","Men"
"Michelle De Jong","NED","Women"
"Michelle Uhrig","GER","Women"
"Michiel De Groot","NED","Men"
"Miguel Amores Monteiro","POR","Men"
"Miguel Bravo","POR","Men"
"Mihaela Hogas","ROU","Women"
"Miho Takagi","JPN","Women"
"Miika Johan Klevstuen","NOR","Men"
"Miina Peltonen","FIN","Women"
"Mika Kolder","NED","Men"
"Mika Poutala","FIN","Men"
"Mika van Essen","NED","Men"
"Mikhail Gluchshenko","KAZ","Men"
"Mikhail Kazelin","RUS","Men"
"Mikhail Koksharov","RUS","Men"
"Mikhail Kozlov","RUS","Men"
"Mikhail Matryukhin","KAZ","Men"
"Mikita Mihdaliou","BLR","Men"
"Mikolaj Jablonski","POL","Men"
"Mikołaj Bielas","POL","Men"
"Mikołaj Florkowski","POL","Men"
"Mikołaj Klonowski","POL","Men"
"Mikuru Matsushima","JPN","Women"
"Min Hui Kim","KOR","Women"
"Min Jee Lee","KOR","Women"
"Min-Ji Kim","KOR","Women"
"Min-Jo Kim","KOR","Women"
"Min-Kyu Cha","KOR","Men"
"Min-Seo Kim","KOR","Women"
"Min-Seok Kim","HUN","Men"
"Min-Sun Kim","KOR","Women"
"Mio Kuroiwa","JPN","Women"
"Mio Takahashi","JPN","Women"
"Mireia Tellez","ESP","Women"
"Mirko Giacomo Nenzi","ITA","Men"
"Miro Puolakka","FIN","Men"
"Misaki Oshigiri","JPN","Women"
"Misaki Shinno","JPN","Women"
"Mitchell Ross","AUS","Men"
"Mitchell Whitmore","USA","Men"
"Miyako Sumiyoshi","JPN","Women"
"Miłosz Ślusarski","POL","Men"
"Moa Kronborg","SWE","Women"
"Moe Kumagai","JPN","Women"
"Momoka Horikawa","JPN","Women"
"Monika Macháčková","CZE","Women"
"Monika Pracharova","CZE","Women"
"Moritz Geisreiter","GER","Men"
"Moritz Klein","GER","Men"
"Motonaga Arito","JPN","Men"
"Moyuan Xu","CHN","Women"
"Myrthe De Boer","NED","Women"
"Márton Klimasz","HUN","Men"
"Na-Hyun Lee","KOR","Women"
"Nadezhda Aseeva","RUS","Women"
"Nadezhda Morozova","KAZ","Women"
"Nadia Machała","POL","Women"
"Nadja Wenger","SUI","Women"
"Nan Sun","CHN","Women"
"Nan Wang","CHN","Men"
"Nana Takagi","JPN","Women"
"Nana Takahashi","JPN","Women"
"Nancy Swider-Pelz Jr.","USA","Women"
"Nao Kodaira","JPN","Women"
"Naomi Kammeraat","NED","Women"
"Naomi Verkerk","NED","Women"
"Nastasja Radulovic","USA","Women"
"Natalia Czerwonka","POL","Women"
"Natalia Jabrzyk","POL","Women"
"Natalia Voronina","RUS","Women"
"Natalia Voronina","RSU","Women"
"Natalia Voronina","ROC","Women"
"Natalie Kerschbaummayr","AUT","Women"
"Natasa Gakovic","USA","Women"
"Natascha Lindenskov","DEN","Women"
"Nathan Pijl","NED","Men"
"Natsuha Sakai","JPN","Women"
"Neele Göpelt","GER","Women"
"Nene Sakai","JPN","Women"
"Netherlands","NED","Women"
"NetherlandsA. Das, F. van den Brandt, B. van der Werff","NED","Women"
"NetherlandsA. Das, M. Leenstra, F. van den Brandt","NED","Women"
"NetherlandsD. Baks, J. Boomhouwer, J. Botman","NED","Men"
"NetherlandsD. Baks, J. Botman, S. Brandsen","NED","Men"
"NetherlandsD. Baks, J. Botman, T. de Boer","NED","Men"
"NetherlandsD. Voskamp, J. Leerdam, F. Kok","NED","Women"
"NetherlandsD. Voskamp, N. Verkerk, S. Schulting","NED","Women"
"NetherlandsE. de Vries, R. Van Vliet, J. Veenhuis","NED","Women"
"NetherlandsF. Beuling, J. Beune, E. Dul","NED","Women"
"NetherlandsF. Beuling, J. Leerdam, M. De Jong","NED","Women"
"NetherlandsF. van den Brandt, B. van der Werff, S. De Neeling","NED","Women"
"NetherlandsH. Otterspeer, K. Nuis, K. Verbij","NED","Men"
"NetherlandsH. Otterspeer, L. Velema, D. Ntab","NED","Men"
"NetherlandsI. Wüst, L. de Jong","NED","Women"
"NetherlandsI. Wüst, L. de Jong, F. Beuling","NED","Women"
"NetherlandsJ. Botman, J. De Boo, T. Prins","NED","Men"
"NetherlandsJ. De Boo, W. Dijs, L. Hollaar","NED","Men"
"NetherlandsJ. Gerrits, K. In 't Veld, S. Westenbroek","NED","Men"
"NetherlandsJ. Hoekstra, P. Smit, C. Hoogendoorn","NED","Women"
"NetherlandsJ. Knook, M. Veen, A. Daleman","NED","Women"
"NetherlandsJ. Smeekens, R. Mulder, P. Schipper","NED","Men"
"NetherlandsJ. Smit, F. van den Brandt, L. de Jong","NED","Women"
"NetherlandsJ. Smit, J. Leerdam, F. Beuling","NED","Women"
"NetherlandsJ. Smit, L. de Jong, J. Leerdam","NED","Women"
"NetherlandsJ. Smit, L. de Jong, S. De Neeling","NED","Women"
"NetherlandsK. Verbij, T. Krol, D. Ntab","NED","Men"
"NetherlandsL. de Jong, J. Leerdam, F. Kok","NED","Women"
"NetherlandsL. de Jong, J. Leerdam, M. De Jong","NED","Women"
"NetherlandsM. Boer, J. Smit, B. van der Werff","NED","Women"
"NetherlandsM. Boer, J. Smit, F. van den Brandt","NED","Women"
"NetherlandsM. Boer, J. Smit, L. van Beek","NED","Women"
"NetherlandsM. De Boer, M. Fledderus, F. Kok","NED","Women"
"NetherlandsM. De Jong, F. Kok, I. Grevelt","NED","Women"
"NetherlandsM. De Jong, M. Fledderus, I. Grevelt","NED","Women"
"NetherlandsM. De Jong, M. Lugters, N. Verkerk","NED","Women"
"NetherlandsM. De Jong, S. Schulting, A. Daleman","NED","Women"
"NetherlandsM. Fledderus, F. Kok, A. Rijpma-De Jong","NED","Women"
"NetherlandsM. Kuipers, L. de Jong, S. De Neeling","NED","Women"
"NetherlandsM. Leenstra, L. van Beek, L. de Jong","NED","Women"
"NetherlandsM. Mulder, K. Nuis, H. Otterspeer","NED","Men"
"NetherlandsM. Mulder, K. Verbij, G. Esders","NED","Men"
"NetherlandsM. Mulder, R. Mulder, K. Verweij","NED","Men"
"NetherlandsM. Scheperkamp, H. Otterspeer, J. Wennemars","NED","Men"
"NetherlandsM. Scheperkamp, H. Otterspeer, K. Nuis","NED","Men"
"NetherlandsM. Scheperkamp, K. Verbij, T. Krol","NED","Men"
"NetherlandsM. Van Den Bos, N. Reinders, M. Bendijk","NED","Men"
"NetherlandsN. De Kruijk, A. Boersma, M. Bendijk","NED","Men"
"NetherlandsP. Smit, P. Hersman, A. Daleman","NED","Women"
"NetherlandsR. Mulder, K. Nuis, K. Verbij","NED","Men"
"NetherlandsR. Mulder, K. Nuis, T. Krol","NED","Men"
"NetherlandsR. Mulder, K. Verbij, L. van Alphen","NED","Men"
"NetherlandsR. Mulder, K. Verbij, T. Krol","NED","Men"
"NetherlandsR. Mulder, P. Schipper, K. Verbij","NED","Men"
"NetherlandsS. Brandsen, M. van Essen, J. Botman","NED","Men"
"NetherlandsS. De Neeling, D. Voskamp, M. De Jong","NED","Women"
"NetherlandsS. De Neeling, J. Leerdam, M. De Jong","NED","Women"
"NetherlandsS. Groothuis, H. Otterspeer, K. Verbij","NED","Men"
"NetherlandsS. Groothuis, M. Mulder, J. Hospes","NED","Men"
"NetherlandsS. Groothuis, R. Mulder, J. Hospes","NED","Men"
"NetherlandsS. Groothuis, R. Mulder, K. Verbij","NED","Men"
"NetherlandsS. Westenbroek, J. De Boo, T. Prins","NED","Men"
"NetherlandsS. Westenbroek, J. De Boo, W. Dijs","NED","Men"
"Nevio Gross","SUI","Men"
"Nicholas Goplen","CAN","Men"
"Nicky Rosanelli","ITA","Men"
"Niclas Mastrup","DEN","Men"
"Nico Berger","SUI","Men"
"Nico Ihle","GER","Men"
"Nicola Nadalini","ITA","Men"
"Nicola Tumolero","ITA","Men"
"Nicolae Sebastian Mihalache","ROU","Men"
"Nicolae-Razvan Militaru","ROU","Men"
"Nicole Constantinescu","ROU","Women"
"Niels De Kruijk","NED","Men"
"Nikita Proshin","RUS","Men"
"Nikita Vazhenin","KAZ","Men"
"Niklas Kurzmann","GER","Men"
"Niklas Reinders","NED","Men"
"Nikol Nepokojová","CZE","Women"
"Nikola Zdráhalova","CZE","Women"
"Nikolai Trusov","RUS","Men"
"Nikolett Rigó","HUN","Women"
"Nil Llop Izquierdo","ESP","Men"
"Nils Vähä-Vahe","FIN","Men"
"Nils van der Poel","SWE","Men"
"Noemi Bonazza","ITA","Women"
"Noemi Libralesso","ITA","Women"
"Noemi Siko","ROU","Women"
"Noemi Zurbuchen","SUI","Women"
"Noemie Fiset","CAN","Women"
"Norway","NOR","Women"
"Norway","NOR","Men"
"Norway (N)D. Storelid, J. Sjøbrend, I. Nakken","NOR","Women"
"Norway (N)S. Dyrset, F. Haneberg, E. Matre","NOR","Men"
"NorwayA. Birkedal, S. Kirkesæter, M. Solem","NOR","Women"
"NorwayA. Farstad, J. Samsonsen, M. Rabbe","NOR","Women"
"NorwayA. Farstad, R. Wiklund, J. Samsonsen","NOR","Women"
"NorwayA. Lernes, M. Klevstuen, D. Strand","NOR","Men"
"NorwayA. Løvås, J. Samsonsen, M. Ripsrud","NOR","Women"
"NorwayB. Magnussen, H. Rukke, H. Lorentzen","NOR","Men"
"NorwayC. Fagerli Rukke, E. Hvammen, H. Rukke","NOR","Men"
"NorwayC. Jagtøyen, J. Samsonsen, A. Løvås","NOR","Women"
"NorwayC. Jagtøyen, J. Samsonsen, M. Ripsrud","NOR","Women"
"NorwayE. Hvammen, M. Kristensen, H. Rukke","NOR","Men"
"NorwayE. Resell, S. Gravdal, P. Kristensen","NOR","Men"
"NorwayF. Haneberg, M. Klevstuen, D. Strand","NOR","Men"
"NorwayH. Bøkko, E. Bjertnes, M. Ripsrud","NOR","Women"
"NorwayH. Bøkko, I. Njåtun, M. Ripsrud","NOR","Women"
"NorwayH. Bøkko, I. Njåtun, R. Jeppsson","NOR","Women"
"NorwayH. Bøkko, I. Njåtun, S. Haugen","NOR","Women"
"NorwayH. Bøkko, M. Ripsrud, A. Gulbrandsen","NOR","Women"
"NorwayH. Bøkko, S. Haugen, M. Ripsrud","NOR","Women"
"NorwayH. Engebråten, T. Eriksen, J. Kristensen","NOR","Men"
"NorwayH. Lorentzen, B. Magnussen, O. Farstad","NOR","Men"
"NorwayH. Lorentzen, H. Rukke, A. Johansson","NOR","Men"
"NorwayH. Lorentzen, H. Rukke, B. Magnussen","NOR","Men"
"NorwayH. Lorentzen, H. Rukke, O. Farstad","NOR","Men"
"NorwayH. Lorentzen, J. Sæves, B. Magnussen","NOR","Men"
"NorwayH. Lorentzen, J. Sæves, H. Rukke","NOR","Men"
"NorwayH. Lorentzen, S. Henriksen, H. Rukke","NOR","Men"
"NorwayH. Rukke, B. Magnussen, D. Strand","NOR","Men"
"NorwayH. Rukke, H. Lorentzen, O. Farstad","NOR","Men"
"NorwayI. Nakken, M. Solem, A. Løvås","NOR","Women"
"NorwayJ. Samsonsen, M. Ripsrud, M. Furnee","NOR","Women"
"NorwayJ. Sjøbrend, J. Samsonsen, A. Løvås","NOR","Women"
"NorwayJ. Sæves, H. Rukke, B. Magnussen","NOR","Men"
"NorwayM. Bratli, O. Farstad, R. Krøyer","NOR","Men"
"NorwayO. Farstad, M. Bratli, S. Mikkelsen","NOR","Men"
"NorwayP. Kristensen, B. Magnussen, H. Lorentzen","NOR","Men"
"NorwayS. Brattgjerd, P. Kristensen, B. Magnussen","NOR","Men"
"NorwayS. Haugen, M. Ripsrud, R. Jeppsson","NOR","Women"
"NorwayS. Ulset, M. Solem, I. Nakken","NOR","Women"
"NorwayV. Semb, A. Haugland, A. Løvås","NOR","Women"
"Noël Müller","GER","Men"
"Nuraly Akzhol","KAZ","Men"
"Oddbjørn Mellemstrand","NOR","Men"
"Odin By Farstad","NOR","Men"
"Ole Bjørnsmoen Næss","NOR","Men"
"Ole Jeske","GER","Men"
"Olga Fatkulina","RUS","Women"
"Olga Fatkulina","RSU","Women"
"Olga Fatkulina","ROC","Women"
"Olga Graf","RUS","Women"
"Olga Piotrowska","POL","Women"
"Oliegtnis Mercado Rodríguez","ESP","Women"
"Olimpia Nowak","POL","Women"
"Oliver Grob","SUI","Men"
"Oliver Lindenskov","DEN","Men"
"Olivier Jean","CAN","Men"
"Olle Nyström Eliasson","SWE","Men"
"Ona Rodriguez Cornejo","ESP","Women"
"Ophelie Juneau","CAN","Women"
"Oskar Nilsson","SWE","Men"
"Paige Schwartzburg","USA","Women"
"Paju Kilpeläinen","FIN","Women"
"Patricia Koot","NED","Women"
"Patrick Beckert","GER","Men"
"Patrick Roest","NED","Men"
"Patryk Wójcik","POL","Men"
"Patrīcija Elizabete Sniķere","LAT","Women"
"Paul Galczinsky","GER","Men"
"Paul Wörle","AUT","Men"
"Paula Albrecht","GER","Women"
"Paula Espin","ESP","Women"
"Paulien Verhaar","NED","Women"
"Pauline Lysø Olsen","NOR","Women"
"Pavel Brankovskiy","BLR","Men"
"Pavel Kulizhnikov","RUS","Men"
"Pavel Kulizhnikov","RSU","Men"
"Pavel Kulizhnikov","ROC","Men"
"Pavel Taran","RUS","Men"
"Peder Kongshaug","NOR","Men"
"Pedro Beckert","GER","Men"
"Pedro Causil","COL","Men"
"Pekka Koskela","FIN","Men"
"Peter Michael","NZL","Men"
"Peter Riches","GBR","Men"
"Petra Acker","USA","Women"
"Philip Due Schmidt","DEN","Men"
"Philippe Garmeister","GER","Men"
"Pien Hersman","NED","Women"
"Pien Smit","NED","Women"
"Pietro Sighel","ITA","Men"
"Pim Schipper","NED","Men"
"Piotr Michalski","POL","Men"
"Piotr Molinaroli","ITA","Men"
"Piotr Nałęcki","POL","Men"
"Piotr Puszkarski","POL","Men"
"Piper Yde","USA","Women"
"Poland","POL","Women"
"Poland","POL","Men"
"PolandA. Nogal, P. Michalski, D. Żurek","POL","Men"
"PolandA. Nogal, P. Michalski, M. Bachanek","POL","Men"
"PolandA. Nogal, P. Michalski, S. Klosinski","POL","Men"
"PolandA. Nogal, S. Klosinski, D. Żurek","POL","Men"
"PolandA. Was, A. Nogal, P. Michalski","POL","Men"
"PolandA. Was, A. Nogal, S. Klosinski","POL","Men"
"PolandA. Was, P. Michalski, S. Klosinski","POL","Men"
"PolandA. Wójcik, I. Wojtasik, K. Bosiek","POL","Women"
"PolandA. Wójcik, K. Ziomek-Nogal, K. Bosiek","POL","Women"
"PolandA. Wójcik, M. Baran, K. Bosiek","POL","Women"
"PolandG. Oficjalski, J. Swiatek, D. Żurek","POL","Men"
"PolandH. Mazur, W. Dąbrowska, Z. Braun","POL","Women"
"PolandI. Wojtasik, A. Wójcik, K. Ziomek-Nogal","POL","Women"
"PolandK. Abratkiewicz, M. Śliwka, S. Wojtakowski","POL","Men"
"PolandK. Gajewska, A. Wójcik, K. Ziomek-Nogal","POL","Women"
"PolandK. Gasecka, N. Jabrzyk, K. Bosiek","POL","Women"
"PolandK. Gasecka, N. Jabrzyk, O. Piotrowska","POL","Women"
"PolandK. Niedzwiedzki, A. Nogal, P. Michalski","POL","Men"
"PolandK. Ziomek-Nogal, K. Bosiek, A. Wójcik","POL","Women"
"PolandM. Bachanek, D. Burzykowski, M. Drwiega","POL","Men"
"PolandM. Bachanek, D. Burzykowski, M. Owczarek","POL","Men"
"PolandM. Baran, A. Wójcik, K. Bosiek","POL","Women"
"PolandM. Baran, I. Wojtasik, K. Bosiek","POL","Women"
"PolandM. Baran, K. Gajewska, N. Jabrzyk","POL","Women"
"PolandM. Kania, P. Michalski, D. Żurek","POL","Men"
"PolandN. Czerwonka, K. Ziomek-Nogal, A. Wójcik","POL","Women"
"PolandP. Nałęcki, M. Kopacz, J. Zakrzewski","POL","Men"
"PolandS. Hostyński, M. Bielas, M. Śliwka","POL","Men"
"PolandW. Dąbrowska, J. Grzywińska, H. Mazur","POL","Women"
"PolandW. Dąbrowska, M. Płończyk, Z. Braun","POL","Women"
"PolandW. Dąbrowska, M. Smędzik, J. Grzywińska","POL","Women"
"PolandW. Grzybek, G. Oficjalski, J. Swiatek","POL","Men"
"PolandZ. Braun, A. Królikowska, W. Dabrowska","POL","Women"
"Polina Polukarova","BLR","Women"
"Polina Upirova","RUS","Women"
"PortugalM. Amores Monteiro, A. Silva, M. Vieira","POR","Men"
"Prokop Stodola","CZE","Men"
"Pål Myhren Kristensen","NOR","Men"
"Qi Yin","CHN","Women"
"Qingqing Feng","CHN","Women"
"Qishi Li","CHN","Women"
"Rafael Heredia","ESP","Men"
"Ragne Wiklund","NOR","Women"
"Raman Makhakhei","BLR","Men"
"Ramona Härdi","SUI","Women"
"Ramona Ionel","ROU","Women"
"Razvan Militaru","ROU","Men"
"Rebeka Vancsó","HUN","Women"
"Rebekah Bradford","USA","Women"
"Rehanbai Talabuhan","CHN","Men"
"Rehati Baoerjiang","CHN","Men"
"Reina Anema","NED","Women"
"Remco Stam","NED","Men"
"Republic of Korea","KOR","Women"
"Republic of Korea (N)J. Yoon, K. Kim, S. Lee","KOR","Men"
"Republic of KoreaC. Park, S. Kang, M. Kim","KOR","Women"
"Republic of KoreaH. Chung, H. Kim, S. Lee","KOR","Women"
"Republic of KoreaH. Jung, H. Chung, L. Lim","KOR","Women"
"Republic of KoreaJ. Kim, M. Cha, S. Cho","KOR","Men"
"Republic of KoreaJ. Kim, S. Cho, T. Kim","KOR","Men"
"Republic of KoreaJ. Kim, T. Kim, S. Park","KOR","Men"
"Republic of KoreaJ. Yoon, S. Oh, K. Kim","KOR","Men"
"Republic of KoreaM. Kim, H. Kim, N. Lee","KOR","Women"
"Republic of KoreaM. Kim, N. Lee, M. Kim","KOR","Women"
"Republic of KoreaN. Lee, H. Kim, M. Kim","KOR","Women"
"Republic of KoreaN. Lee, M. Kim, C. Park","KOR","Women"
"Republic of KoreaT. Kim, J. Kim, S. Park","KOR","Men"
"Republic of KoreaY. Cho, K. Koo, S. Hwang","KOR","Men"
"Reyon Kay","NZL","Men"
"Riccardo Bugari","ITA","Men"
"Riccardo Lorello","ITA","Men"
"Richard Maclennan","CAN","Men"
"Richard Schreiter","GER","Men"
"Riki Hayashi","JPN","Men"
"Rikke Jeppsson","NOR","Women"
"Riku Tsuchiya","JPN","Men"
"Rin Kosaka","JPN","Women"
"Rio Iwasa","JPN","Men"
"Rio Kawahara","JPN","Women"
"Rio Yamada","JPN","Women"
"Risa Takayama","JPN","Women"
"Rixt Meijer","NED","Women"
"Robbe Beelen","BEL","Men"
"Robert Nechita","ROU","Men"
"Robin Groot","NED","Women"
"Roch Maliczowski","POL","Men"
"Roland Cieslak","POL","Men"
"Roman Binazarov","KAZ","Men"
"Roman Binozarov","KAZ","Men"
"Roman Krech","KAZ","Men"
"Romania","ROU","Women"
"RomaniaN. Militaru, C. Nedelea, G. Nitu","ROU","Men"
"RomaniaR. Manolache, N. Siko, A. Haldan","ROU","Women"
"Romedius Thurner","ITA","Men"
"Ronald Mulder","NED","Men"
"Rosalie Van Vliet","NED","Women"
"Rose Laliberte-Roy","CAN","Women"
"Roxana Manolache","ROU","Women"
"Roxanne Dufter","GER","Women"
"Roxanne van Hemert","NED","Women"
"Rui Wang","CHN","Men"
"Ruining Tian","CHN","Women"
"Runar Njåtun Krøyer","NOR","Men"
"Ruslan Begimbetov","KAZ","Men"
"Ruslan Kirbyatyev","KAZ","Men"
"Ruslan Murashov","RUS","Men"
"Ruslan Murashov","RSU","Men"
"Ruslan Murashov","ROC","Men"
"Ruslan Zakharov","RUS","Men"
"Ruslan Zakharov","RSU","Men"
"Ruslan Zakharov","ROC","Men"
"Ruslan Zhanadilov","KAZ","Men"
"Ruslan Zjanadilov","KAZ","Men"
"Russia","RUS","Women"
"RussiaA. Arefyev, S. Loginov, N. Trusov","RUS","Men"
"RussiaA. Golikova, D. Kachanova, I. Kuznetsova","RUS","Women"
"RussiaA. Korkina, I. Kuznetsova, K. Silaeva","RUS","Women"
"RussiaA. Kuznetsov, M. Kazelin, M. Koksharov","RUS","Men"
"RussiaA. Yesin, A. Kuznetsov, A. Zolotarev","RUS","Men"
"RussiaA. Yesin, A. Kuznetsov, K. Golubev","RUS","Men"
"RussiaA. Yesin, A. Kuznetsov, R. Murashov","RUS","Men"
"RussiaA. Yesin, D. Yuskov, K. Golubev","RUS","Men"
"RussiaA. Yesin, D. Yuskov, P. Kulizhnikov","RUS","Men"
"RussiaA. Yesin, K. Golubev, R. Murashov","RUS","Men"
"RussiaA. Yesin, R. Murashov, R. Zakharov","RUS","Men"
"RussiaD. Aldoshkin, S. Chistiakov, A. Arefyev","RUS","Men"
"RussiaD. Beliaev, V. Lobas, V. Mushtakov","RUS","Men"
"RussiaD. Kachanova, A. Opytova, V. Suslova","RUS","Women"
"RussiaE. Agafoshina, A. Korkina, I. Kuznetsova","RUS","Women"
"RussiaE. Agafoshina, M. Avtonomova, I. Slesareva","RUS","Women"
"RussiaK. Akhmetova, A. Opytova, V. Suslova","RUS","Women"
"RussiaK. Kemaeva, V. Suslova, A. Opytova","RUS","Women"
"RussiaK. Silaeva, A. Vashkene, A. Korkina","RUS","Women"
"RussiaL. Garibian, A. Semenova, V. Sorokoletova","RUS","Women"
"RussiaO. Fatkulina, A. Golikova, A. Korkina","RUS","Women"
"RussiaO. Fatkulina, A. Golikova, D. Kachanova","RUS","Women"
"RussiaO. Fatkulina, A. Golikova, I. Kuznetsova","RUS","Women"
"RussiaO. Fatkulina, A. Golikova, N. Aseeva","RUS","Women"
"RussiaO. Fatkulina, N. Aseeva, M. Ryzhova","RUS","Women"
"RussiaP. Kulizhnikov, R. Murashov, V. Mushtakov","RUS","Men"
"RussiaR. Murashov, V. Mushtakov, A. Arefyev","RUS","Men"
"RussiaS. Loginov, A. Podolskii, A. Shabanov","RUS","Men"
"RussiaS. Loginov, A. Podolskii, R. Zakharov","RUS","Men"
"RussiaV. Lobas, V. Mushtakov, Y. Yunin","RUS","Men"
"RussiaY. Shikhova, O. Fatkulina, A. Golikova","RUS","Women"
"RussiaY. Shikhova, O. Fatkulina, N. Aseeva","RUS","Women"
"RussiaY. Shikhova, Y. Lobysheva, O. Fatkulina","RUS","Women"
"Russian Federation","RUS","Women"
"Ryan Kulbacki","CAN","Men"
"Ryo Yamaguchi","JPN","Men"
"Ryohei Haga","JPN","Men"
"Ryosuke Tsuchiya","JPN","Men"
"Ryota Kojima","JPN","Men"
"Ryu Kosaka","JPN","Men"
"Saki Judo","JPN","Women"
"Sakura Mito","JPN","Women"
"Sam Chamberlain","USA","Men"
"Sampsa Santtila","FIN","Men"
"Samuel Airey","GBR","Men"
"Samuel Morris","GBR","Men"
"Samuel Schwarz","GER","Men"
"Samuele Andreatta","ITA","Men"
"Samuli Suomalainen","FIN","Men"
"Sander Eitrem","NOR","Men"
"Sander Mikkelsen","NOR","Men"
"Sandra Šimková","CZE","Women"
"Sandrine Tas","BEL","Women"
"Sang-Eon Park","KOR","Men"
"Sang-Hwa Lee","KOR","Women"
"Sanghun Oh","KOR","Men"
"Sanghyeok Cho","KOR","Men"
"Sanne In 't Hof","NED","Women"
"Sanne van der Schaar","NED","Women"
"Sanneke De Neeling","NED","Women"
"Sanni Rosendahl","FIN","Women"
"Saori Toi","JPN","Women"
"Sara Cabrera","ESP","Women"
"Sarah Marie Sanderud","NOR","Women"
"Sarah Rosner","AUT","Women"
"Sarah Warren","USA","Women"
"Saree Han","USA","Women"
"Saskia Alusalu","EST","Women"
"Saskia Kütt","EST","Women"
"Sebas Diniz","NED","Men"
"Sebastian Diniz","NED","Men"
"Sebastian Druszkiewicz","CZE","Men"
"Sebastian Forsmark","SWE","Men"
"Sebastian Klosinski","POL","Men"
"Sebastian Richter","GER","Men"
"Sebastien Brieštansky","CZE","Men"
"Seitaro Ichinohe","JPN","Men"
"Seo-Hyeon Park","KOR","Women"
"Seohyeon Kim","KOR","Women"
"Seojin Jang","KOR","Men"
"Seojoon Whang","KOR","Men"
"Seok Heo","KOR","Men"
"Seon Kyo Jeong","KOR","Men"
"Seon-Yeong Noh","KOR","Women"
"Seonghyeon Park","KOR","Men"
"Seonung Shin","KOR","Men"
"Seoyeon Cho","KOR","Women"
"Serena Pergher","ITA","Women"
"Serge Yoro","NED","Men"
"Sergei Bukuev","RUS","Men"
"Sergei Loginov","RUS","Men"
"Sergei Trofimov","ROC","Men"
"Sergey Gryaztsov","RUS","Men"
"Sergey Trofimov","RUS","Men"
"Sergey Trofimov","RSU","Men"
"Sergio Alvarez Fernandez","ESP","Men"
"Seung Yong Yang","KOR","Men"
"Seung-Heun Shin","KOR","Women"
"Seung-Hi Park","KOR","Women"
"Seung-Hoon Lee","KOR","Men"
"Seung-Hyun Lee","KOR","Men"
"Seung-Kyum Kim","KOR","Men"
"Seungbeom Park","KOR","Men"
"Seungmin Cho","KOR","Men"
"Severin Widmer","SUI","Men"
"Shane Dobbin","NZL","Men"
"Shane Williamson","JPN","Men"
"Shani Davis","USA","Men"
"Shannon Rempel","CAN","Women"
"Shaohan Zhang","CHN","Women"
"Sheila Gómez Fernandez","ESP","Women"
"Shihui Yu","CHN","Women"
"Shione Kaminaga","JPN","Women"
"Shiwei Wang","CHN","Men"
"Shiyi Qu","CHN","Men"
"Shizuko Okuaki","JPN","Women"
"Shohya Ogawa","JPN","Men"
"Shoko Fujimura","JPN","Women"
"Shomu Sasaki","JPN","Men"
"Shota Nakamura","JPN","Men"
"Shuaihan Wang","CHN","Men"
"Shuang Li","CHN","Women"
"Shunsuke Nakamura","JPN","Men"
"Shuta Matsuzu","JPN","Men"
"Signe Eide Kirkesæter","NOR","Women"
"Sigurd Henriksen","NOR","Men"
"Sigurd Holbø Dyrset","NOR","Men"
"Sijmen Egberts","NED","Men"
"Sil Van Der Veen","NED","Men"
"Simen Kroken","NOR","Men"
"Simen Spieler Nilsen","NOR","Men"
"Simon Aannø","NOR","Men"
"Simon Bigler","DEN","Men"
"Simon Jeppsson","SWE","Men"
"Simon Schouten","NED","Men"
"Simone De Carli","ITA","Men"
"Sindre Baas","NOR","Men"
"Sindre Henriksen","NOR","Men"
"Sini Siro","FIN","Women"
"Sining Yang","CHN","Women"
"Siver Brattgjerd","NOR","Men"
"Skylar Van Horne","CAN","Women"
"So Kikuhara","JPN","Men"
"Sofia Bieber","CAN","Women"
"Sofia Gerber Della Pietra","AUT","Women"
"Sofia Migova","RUS","Women"
"Sofia Schilder","NED","Women"
"Sofia Thorup","DEN","Women"
"Sofia Thorup-Prosvirnova","DEN","Women"
"Sofie Adeberg","GER","Women"
"Sofie Karoline Haugen","NOR","Women"
"Sofie Ulset","NOR","Women"
"Sofiia Khochyna","UKR","Women"
"Sol Lee","KOR","Women"
"Sondre Buer Åsebø","NOR","Men"
"Soo Jin Park","KOR","Women"
"Soo-Min Kang","KOR","Women"
"Soo-Yeon Lee","KOR","Women"
"Sophie Kraaijeveld","NED","Women"
"Sophie Warmuth","GER","Women"
"Sota Kubo","JPN","Men"
"South Korea","KOR","Women"
"SpainC. Alvarez, J. Espín Real, L. González","ESP","Women"
"SpainH. Llop Izquierdo, J. Espín Real, O. Rodriguez Cornejo","ESP","Women"
"SpainI. Roldán Ferrer, A. Rezzonico, M. Robla","ESP","Men"
"SpainL. Alapont, S. Gómez Fernandez, S. Cabrera","ESP","Women"
"SpainS. Cabrera, A. Carreño, L. González","ESP","Women"
"SpainT. Moreno Balague, A. Carreño, S. Cabrera","ESP","Women"
"Stanislav Palkin","KAZ","Men"
"Stef Brandsen","NED","Men"
"Stefan Due Schmidt","DEN","Men"
"Stefan Emele","GER","Men"
"Stefan Groothuis","NED","Men"
"Stefan Neumiarzhytski","BLR","Men"
"Stefan Waples","CAN","Men"
"Stefan Westenbroek","NED","Men"
"Stella Horká","CZE","Women"
"Sten Talumaa","EST","Men"
"Stepan Chistiakov","RUS","Men"
"Stephane Barbera","ESP","Men"
"Stephanie Beckert","GER","Women"
"Sterre Jonkers","NED","Women"
"Steven Hartman","USA","Men"
"Stien Vanhoutte","BEL","Women"
"Stijn Van De Bunt","NED","Men"
"Stina Letteboer","GER","Women"
"Sugar Todd","USA","Women"
"Sumire Kikuchi","JPN","Women"
"Sune Mastrup","DEN","Men"
"Sung Kwang Park","KOR","Men"
"Sungmin Hwang","KOR","Men"
"Sungyun Park","KOR","Men"
"Sunniva Johannessen","NOR","Women"
"Suzanne Schulting","NED","Women"
"Suzuka Miyagawa","JPN","Women"
"Suzune Usami","JPN","Women"
"Sven Kramer","NED","Men"
"Sverre Lunde Pedersen","NOR","Men"
"Sweden","SWE","Men"
"SwedenE. Decker, W. Ekensskär, D. Karlingsjö","SWE","Men"
"SwedenO. Nilsson, G. Arnell, S. Jeppsson","SWE","Men"
"Switserland","SUI","Women"
"Switzerland","SUI","Women"
"SwitzerlandL. Wenger, C. Oberbichler, O. Grob","SUI","Men"
"Sydney Terpening","USA","Women"
"Szymon Hostyński","POL","Men"
"Szymon Kwapisz","POL","Men"
"Szymon Palka","POL","Men"
"Szymon Wojtakowski","POL","Men"
"Sára Hluskova","CZE","Women"
"Séverine Biermann","SUI","Women"
"Tadeáš Procházka","CZE","Men"
"Tae-Bum Mo","KOR","Men"
"Tae-Hee Kim","KOR","Women"
"Tae-Yun Kim","KOR","Men"
"Taiga Sasaki","JPN","Men"
"Taiki Shingai","JPN","Men"
"Taishi Yamamoto","JPN","Men"
"Taiyo Morino","JPN","Men"
"Taiyo Nonomura","JPN","Men"
"Takahiro Ito","JPN","Men"
"Takuma Hayashi","JPN","Men"
"Takumi Murashita","JPN","Men"
"Takuro Oda","JPN","Men"
"Takuro Ogawa","JPN","Men"
"Takuya Goto","JPN","Men"
"Takuya Morimoto","JPN","Men"
"Tamara Oudenaarden","CAN","Women"
"Tamás Szögi","HUN","Men"
"Tanner Worley","USA","Men"
"Tao Yang","CHN","Men"
"Tara Donoghue","IRL","Women"
"Taro Kondo","JPN","Men"
"Tatsiana Mikhailava","BLR","Women"
"Tatsuya Shinhama","JPN","Men"
"Tatyana Klimchuk","KAZ","Women"
"Tatyana Mikhailova","BLR","Women"
"Ted Dalrymple","NED","Men"
"Ted-Jan Bloemen","CAN","Men"
"Teenbuli Yeerken","CHN","Men"
"Tenkai Sato","JPN","Men"
"Teodora Párvu","ROU","Women"
"Teresa Moreno Balague","ESP","Women"
"Tereza Nosková","CZE","Women"
"Teun de Wit","NED","Men"
"Thalia Staehle","USA","Women"
"Thibault Métraux","SUI","Men"
"Thijs Wiersma","NED","Men"
"Thijsje Oenema","NED","Women"
"Thomas Andreassen","NOR","Men"
"Thomas Fitzgerald","USA","Men"
"Thomas Krol","NED","Men"
"Thomas Lande Eriksen","NOR","Men"
"Thomas Nadalini","ITA","Men"
"Thomas Proverbio","ITA","Men"
"Thomas Søfteland","NOR","Men"
"Tiago Amores Monteiro","POR","Men"
"Tiange Hai","CHN","Women"
"Tianlong Li","CHN","Men"
"Tianze Mao","CHN","Men"
"Ties Van Seumeren","NED","Men"
"Tijmen Snel","NED","Men"
"Tim Prins","NED","Men"
"Timothy Loubineaud","FRA","Men"
"Timur Karamov","RUS","Men"
"Tina Hemeltjen","GER","Women"
"Tina Svensson","SWE","Women"
"Tindra Jansson-Westman","SWE","Women"
"Ting Xuan Gu","TPE","Women"
"Tingyu Gao","CHN","Men"
"Tjerk de Boer","NED","Men"
"Tobias Fløiten","NOR","Men"
"Tobias Schlörb","GER","Men"
"Tobias Wolf","AUT","Men"
"Tobiáš Krupka","CZE","Men"
"Tom Mulder","BEL","Men"
"Tom Rudolph","GER","Men"
"Tommi Pulli","FIN","Men"
"Tomoka Okuaki","JPN","Women"
"Tomoya Watanabe","JPN","Men"
"Tomy Nguyen","GER","Men"
"Tomáš Bohumský","CZE","Men"
"Torai Ishikawa","JPN","Men"
"Tormod Bjørnetun Haugen","NOR","Men"
"Towako Nagasaki","JPN","Women"
"Tsimafey Tsimafeyev","BLR","Men"
"Tsubasa Hasegawa","JPN","Men"
"Tsubasa Horikawa","JPN","Men"
"Tsukasa Owada","JPN","Men"
"Tudor Debu","ROU","Men"
"Tuomas Rahnasto","FIN","Men"
"Tuukka Suomalainen","FIN","Men"
"Tuuli Vaher","EST","Women"
"Tyler Derraugh","CAN","Men"
"Tyson Langelaar","CAN","Men"
"USAA. Kleba, C. Mcleod, Z. Stoppelmoor","USA","Men"
"USAB. Cruikshank, G. Myers, S. Terpening","USA","Women"
"USAB. Cruikshank, J. Nielson, C. Stoddard","USA","Women"
"USAC. Dawson, W. Gebauer, A. Kleba","USA","Men"
"USAC. Rands-Evans, A. Quinn, S. Warren","USA","Women"
"USAJ. Garcia, J. Mantia, K. Griffin","USA","Men"
"USAJ. Stolz, I. Frederick, A. Lewis","USA","Men"
"USAK. Goetz, E. Jackson, B. Bocox","USA","Women"
"USAK. Griffin, B. Perry, A. Kleba","USA","Men"
"USAK. Griffin, B. Perry, C. McDermott-Mostowy","USA","Men"
"USAK. Gunther, B. Bowe, S. Todd","USA","Women"
"USAK. Gunther, S. Todd, P. Schwartzburg","USA","Women"
"USAL. Woodbury, P. Yde, G. Myers","USA","Women"
"USAM. Whitmore, B. Hansen, J. Garcia","USA","Men"
"USAM. Whitmore, J. Garcia, B. Hansen","USA","Men"
"USAM. Whitmore, J. Garcia, J. Mantia","USA","Men"
"USAP. Schwartzburg, K. Goetz, E. Jackson","USA","Women"
"USAS. Davis, M. Whitmore, B. Hansen","USA","Men"
"USAS. Warren, E. Jackson, K. Goetz","USA","Women"
"USAT. Worley, Z. Stoppelmoor, C. McDermott-Mostowy","USA","Men"
"Uiryun Cha","KOR","Men"
"Uku Märten Vaikmaa","EST","Men"
"Uladzislau Hapon","BLR","Men"
"Uladzislau Zapoikin","BLR","Men"
"Uladzislau Zhyburtovich","BLR","Men"
"Uliana Khochyna","UKR","Women"
"United States of America","USA","Women"
"United States of AmericaA. Kleba, C. Mcleod, C. McDermott-Mostowy","USA","Men"
"United States of AmericaA. Kleba, C. Mcleod, J. Stolz","USA","Men"
"United States of AmericaA. Kleba, C. Mcleod, Z. Stoppelmoor","USA","Men"
"United States of AmericaE. Jackson, K. Goetz, B. Bowe","USA","Women"
"United States of AmericaG. Myers, L. Williams, P. Yde","USA","Women"
"United States of AmericaM. Browne, C. Rands-Evans, S. Warren","USA","Women"
"United States of AmericaM. Browne, E. Jackson, K. Goetz","USA","Women"
"United States of AmericaM. Soldan, P. Yde, N. Gakovic","USA","Women"
"United States of AmericaS. Warren, E. Jackson, B. Bowe","USA","Women"
"United StatesA. Kleba, C. Mcleod, Z. Stoppelmoor","USA","Men"
"United StatesE. Stave, E. De Bock, M. Soldan","USA","Women"
"United StatesM. Browne, S. Warren, C. Rands-Evans","USA","Women"
"United StatesM. Soldan, L. Williams, P. Yde","USA","Women"
"United StatesM. Weber, C. Platt, D. Woodbury","USA","Men"
"United StatesS. Chamberlain, L. Drossos-Thompson, M. Weber","USA","Men"
"Urszula Wlodarczyk","POL","Women"
"Vadim Chebardakov","KAZ","Men"
"Vadim Yakubovskiy","KAZ","Men"
"Valentin Thiebault","FRA","Men"
"Valentina Mendoza Álvarez","ESP","Women"
"Valerie Maltais","CAN","Women"
"Valeriia Sorokoletova","RUS","Women"
"Valeriya Chadova","KAZ","Women"
"Vanessa Herzog","AUT","Women"
"Varvara Bandaryna","BLR","Women"
"Varvara Glukhova","KAZ","Women"
"Veera Lehtonen","FIN","Women"
"Veikka Mukkala","FIN","Men"
"Vera Güntert","SUI","Women"
"Verneri Kinnunen","FIN","Men"
"Veronica Luciani","ITA","Women"
"Veronika Antošová","CZE","Women"
"Veronika Dykastová","CZE","Women"
"Veronika Suslova","RUS","Women"
"Vetle Stangeland","NOR","Men"
"Victor Lobas","RUS","Men"
"Victor Rudenko","BLR","Men"
"Victoria Filyushkina","RUS","Women"
"Victoria Keltie Sætersdal","NOR","Women"
"Victoria Spence","CAN","Women"
"Victoria Stirnemann","GER","Women"
"Victoria Szewczyk","POL","Women"
"Viktor Hald Thorup","DEN","Men"
"Viktor Mushtakov","RUS","Men"
"Viktor Mushtakov","ROC","Men"
"Viktor Rudenko","AIN","Men"
"Viktoria Schinnerl","AUT","Women"
"Vilde Baas","NOR","Women"
"Vilde Semb","NOR","Women"
"Villiina Suomalainen","FIN","Women"
"Vincent De Haître","CAN","Men"
"Viola Feichtner","AUT","Women"
"Violette Braun","FRA","Women"
"Vitaliy Chshigolev","KAZ","Men"
"Vitaly Mikhailov","BLR","Men"
"Vivien Zschimmer","GER","Women"
"Vjatsjeslav Sheremeta","KAZ","Men"
"Vladimir Semirunniy","POL","Men"
"Vladislav Dobrovolskiy","KAZ","Men"
"Vlád Popa","ROU","Men"
"Vojtech Hurdes","CZE","Men"
"Vsevolod Yatov","RUS","Men"
"Vyacheslav Zaretskiy","KAZ","Men"
"Waka Sasabuchi","JPN","Women"
"Wataru Morishige","JPN","Men"
"Wei-Lin Tai","TPE","Men"
"Weiping Gan","CHN","Women"
"Wenhao Li","CHN","Men"
"Wenjing Jin","CHN","Women"
"Wesly Dijs","NED","Men"
"Wiktor Grzybek","POL","Men"
"Wiktoria Dąbrowska","POL","Women"
"Wilhelm Ekensskär","SWE","Men"
"William Dutton","CAN","Men"
"William Gebauer","USA","Men"
"William Silk","USA","Men"
"Wojciech Gutowski","POL","Men"
"Won Hoon Jang","KOR","Men"
"Wouter Olde Heuvel","NED","Men"
"Xenia Lourdes Moldovan","ROU","Women"
"Xeniya Yakovleva","KAZ","Women"
"Xia Jiang","CHN","Women"
"Xianghe Quan","CHN","Men"
"Xiangyu Chen","CHN","Women"
"Xiaohan Sun","CHN","Women"
"Xiaoxuan Shi","CHN","Women"
"Xietian Dong","CHN","Men"
"Xin Sun","CHN","Men"
"Xin Zhang","CHN","Women"
"Xin Zhao","CHN","Women"
"Xinxuan Ma","CHN","Men"
"Xinyue Zou","CHN","Women"
"Xuanyu Zhou","CHN","Men"
"Xue Lin","CHN","Women"
"Xue Zhan","CHN","Women"
"Xuefeng Sun","CHN","Men"
"Xueqing Zhao","CHN","Women"
"YUI FUJIMORI","JPN","Women"
"Yahor Damaratski","BLR","Men"
"Yahor Damaratski","AIN","Men"
"Yalalt Zorigtbaatar","MGL","Men"
"Yamato Matsui","JPN","Men"
"Yanan Jin","CHN","Men"
"Yang Yang","CHN","Men"
"Yang-Hun Chung","KOR","Men"
"Yankun Zhao","CAN","Men"
"Yanzhe Li","CHN","Men"
"Yaroslav Shevchuk","UKR","Men"
"Yauheni Hahiyeu","BLR","Men"
"Yauheniya Varabyova","BLR","Women"
"Ye Won Nam","KOR","Women"
"Ye-Jin Jun","KOR","Women"
"Yeerhanati Ayitinama","CHN","Men"
"Yegor Yunin","RUS","Men"
"Yekaterina Aydova","KAZ","Women"
"Yekaterina Lobysheva","RUS","Women"
"Yekaterina Shabassova","KAZ","Women"
"Yekaterina Shikhova","RUS","Women"
"Yelena Urvantseva","KAZ","Women"
"Yeongjun Cho","KOR","Men"
"Yeonwoo Jeong","KOR","Men"
"Yevgeniy Koshkin","KAZ","Men"
"Yevgeny Kazimirenko","BLR","Men"
"Yevgeny Seryaev","RUS","Men"
"Yichi Liu","CHN","Women"
"Yimeng Sun","CHN","Women"
"Yiming Liu","CHN","Men"
"Ying Zhu","CHN","Women"
"Ying-Chu Chen","TPE","Women"
"Yingying Wang","CHN","Women"
"Yoonji Kim","KOR","Women"
"Yota Konno","JPN","Men"
"Young Jin Kim","KOR","Men"
"Young Yoon Choi","KOR","Men"
"Young-Ho Kim","KOR","Men"
"Yu Wang","TPE","Men"
"Yu Wu","CHN","Men"
"Yu-Jin Yoon","KOR","Women"
"Yu-Ting Huang","TPE","Women"
"Yu-na Jeong","KOR","Women"
"Yu-na Onodera","JPN","Women"
"Yu-na Yoshimura","JPN","Women"
"Yudai Yamamoto","JPN","Men"
"Yue Zhang","CHN","Women"
"Yuhan Ma","CHN","Women"
"Yuka Abe","JPN","Women"
"Yuka Takahashi","JPN","Women"
"Yukari Matsuzawa","JPN","Women"
"Yukina Hatakeyama","JPN","Women"
"Yukino Yoshida","JPN","Women"
"Yulin Huang","CHN","Women"
"Yuliya Kozyreva","RUS","Women"
"Yuliya Skokova","RUS","Women"
"Yuma Murakami","JPN","Men"
"Yun-Seong Yong","KOR","Men"
"Yuning Sha","CHN","Women"
"Yunqi Liu","CHN","Women"
"Yuta Fuchigami","JPN","Men"
"Yuta Hirose","JPN","Men"
"Yuta Kiyama","JPN","Men"
"Yuto Fujino","JPN","Men"
"Yutong Xu","CHN","Men"
"Yuxuan Wang","CHN","Women"
"Yuya Oikawa","JPN","Men"
"Yves Vergeer","NED","Men"
"Yvonne Daldossi","ITA","Women"
"Yvonne Nauta","NED","Women"
"Zach Stoppelmoor","USA","Men"
"Zbigniew Bródka","POL","Men"
"Zdenek Vašulka","CZE","Men"
"Ze Liu","CHN","Men"
"Zehao Liu","CHN","Men"
"Zhenlong Cong","CHN","Men"
"Zhibo Cui","CHN","Men"
"Zhien Tai","CHN","Women"
"Zhihan Deng","CHN","Men"
"Zhiwen Xue","CHN","Men"
"Zhongsheng Mu","CHN","Men"
"Zhongyan Ning","CHN","Men"
"Ziwen Lian","CHN","Men"
"Zofia Braun","POL","Women"
"Zofia Marszałek","POL","Women"
"Zoja Onuskova","SVK","Women"
"Zul Altan-Ochir","MGL","Women"
"Zuzana Kuršová","CZE","Women"
"Émilie Greenfield","CAN","Women"
